"		지점번호",지점명,일시,평균기온(℃),평균최고기온(℃),최고기온(℃),"	최고기온일자",평균최저기온(℃),최저기온(℃),최저기온일자
"		108",서울,1907-10-01,13.9,20.2,25.4,1907-10-05,8.3,3.3,1907-10-24
"		108",서울,1907-11-01,5.3,10.2,21.3,1907-11-01,0.6,-8.9,1907-11-30
"		108",서울,1907-12-01,-3.9,0.8,9,1907-12-13,-8.7,-20.1,1907-12-23
"		108",서울,1908-01-01,-3.5,0.1,6.2,1908-01-31,-7.5,-14.3,1908-01-22
"		108",서울,1908-02-01,-4,0.8,8.4,1908-02-27,-8.8,-15.8,1908-02-07
"		108",서울,1908-03-01,2.9,8.1,18.2,1908-03-29,-1.7,-7.4,1908-03-02
"		108",서울,1908-04-01,10.1,16.5,22.9,1908-04-20,4.6,-0.7,1908-04-07
"		108",서울,1908-05-01,14.9,21.1,25.2,1908-05-25,10,5.2,1908-05-04
"		108",서울,1908-06-01,20.7,26.8,32.4,1908-06-23,16.3,11.6,1908-06-08
"		108",서울,1908-07-01,23.5,27.6,32.9,1908-07-24,20.3,14.7,1908-07-06
"		108",서울,1908-08-01,24.3,29.2,33.6,1908-08-06,21,14.8,1908-08-30
"		108",서울,1908-09-01,19.3,25,28.7,1908-09-05,14.7,9,1908-09-24
"		108",서울,1908-10-01,13.6,19.9,25.3,1908-10-22,7.7,-0.3,1908-10-30
"		108",서울,1908-11-01,3.6,8.9,18.9,1908-11-05,-1.5,-8.6,1908-11-28
"		108",서울,1908-12-01,-0.8,4.7,11.7,1908-12-14,-6,-12.7,1908-12-31
"		108",서울,1909-01-01,-2.5,2,7.6,1909-01-04,-7.3,-13.6,1909-01-22
"		108",서울,1909-02-01,-3.2,2.1,8.8,1909-02-14,-8.6,-13.2,1909-02-07
"		108",서울,1909-03-01,1.8,7.3,15.2,1909-03-11,-3.1,-8.7,1909-03-03
"		108",서울,1909-04-01,10.4,16.6,23.3,1909-04-25,4.6,-1.6,1909-04-16
"		108",서울,1909-05-01,15.4,21.8,29.8,1909-05-30,10.2,5.7,1909-05-01
"		108",서울,1909-06-01,20.6,26.7,31.7,1909-06-01,15.8,11.2,1909-06-10
"		108",서울,1909-07-01,24.6,28.8,31.8,1909-07-23,21.4,15.4,1909-07-05
"		108",서울,1909-08-01,25.3,29.5,35.6,1909-08-08,22.3,19.8,1909-08-31
"		108",서울,1909-09-01,20.2,25.8,29.5,1909-09-19,15.8,10.1,1909-09-30
"		108",서울,1909-10-01,12.2,18.4,26.5,1909-10-03,6.6,-0.8,1909-10-30
"		108",서울,1909-11-01,5.2,11.4,20.3,1909-11-03,-0.8,-7,1909-11-30
"		108",서울,1909-12-01,-3.4,1,11,1909-12-31,-7.8,-14.6,1909-12-26
"		108",서울,1910-01-01,-2.2,1.9,8,1910-01-04,-5.6,-19.9,1910-01-31
"		108",서울,1910-02-01,-3.4,2,8.3,1910-02-25,-8.2,-19.6,1910-02-02
"		108",서울,1910-03-01,2.5,7.9,15,1910-03-25,-2.6,-8.6,1910-03-06
"		108",서울,1910-04-01,9.9,16.5,23,1910-04-16,4.3,-1.8,1910-04-15
"		108",서울,1910-05-01,16.3,24.3,31,1910-05-28,10.1,5.9,1910-05-19
"		108",서울,1910-06-01,19.8,25.3,31.5,1910-06-30,15.6,12.4,1910-06-05
"		108",서울,1910-07-01,23.3,27.2,33.3,1910-07-30,20.5,15.9,1910-07-02
"		108",서울,1910-08-01,24.2,29.2,32,1910-08-05,20.8,16.7,1910-08-18
"		108",서울,1910-09-01,19.1,24.4,27,1910-09-08,14.9,10.2,1910-09-28
"		108",서울,1910-10-01,13.7,21.3,24.1,1910-10-03,7.2,1.3,1910-10-10
"		108",서울,1910-11-01,5.5,10.9,20.2,1910-11-01,0.6,-8.4,1910-11-19
"		108",서울,1910-12-01,-4.6,0.2,5.8,1910-12-27,-9.4,-16.8,1910-12-12
"		108",서울,1911-01-01,-5,0,8.8,1911-01-29,-10,-21.5,1911-01-13
"		108",서울,1911-02-01,-1.1,4,12.5,1911-02-28,-5.4,-11.2,1911-02-18
"		108",서울,1911-03-01,4,8.5,19.1,1911-03-29,0,-5.3,1911-03-03
"		108",서울,1911-04-01,9.4,15.5,24.1,1911-04-13,4.3,0.3,1911-04-20
"		108",서울,1911-05-01,15.6,22.6,30,1911-05-31,9.7,3.7,1911-05-07
"		108",서울,1911-06-01,20.3,26.1,30.6,1911-06-21,15.9,10.7,1911-06-05
"		108",서울,1911-07-01,23.5,28,31,1911-07-18,20.2,16.9,1911-07-05
"		108",서울,1911-08-01,25,30.6,34.5,1911-08-12,21,18,1911-08-07
"		108",서울,1911-09-01,20.8,25.8,32.8,1911-09-01,16.7,11,1911-09-23
"		108",서울,1911-10-01,11.6,18,22.9,1911-10-01,5.9,0.1,1911-10-29
"		108",서울,1911-11-01,6,10.8,15.7,1911-11-22,1.3,-4.9,1911-11-29
"		108",서울,1911-12-01,-3,1.4,9.5,1911-12-02,-7.9,-14.9,1911-12-22
"		108",서울,1912-01-01,-4.7,0.4,5.4,1912-01-26,-10.1,-15.2,1912-01-03
"		108",서울,1912-02-01,1,6,14.7,1912-02-26,-3.6,-9.9,1912-02-02
"		108",서울,1912-03-01,4.1,9.5,16.3,1912-03-26,-1,-6.8,1912-03-14
"		108",서울,1912-04-01,9.8,16,23.1,1912-04-23,4.2,-2.5,1912-04-05
"		108",서울,1912-05-01,14.8,20.7,29.7,1912-05-17,9.5,4.7,1912-05-09
"		108",서울,1912-06-01,20.7,26.8,30,1912-06-05,15.8,12.3,1912-06-01
"		108",서울,1912-07-01,23.8,28.4,32.2,1912-07-29,19.8,16,1912-07-25
"		108",서울,1912-08-01,24.6,29.2,34,1912-08-05,21.2,17.7,1912-08-19
"		108",서울,1912-09-01,17.7,24.6,32.2,1912-09-01,12.1,7.3,1912-09-24
"		108",서울,1912-10-01,11.1,17.5,25.7,1912-10-04,4.7,-1.2,1912-10-23
"		108",서울,1912-11-01,1.4,6.8,16.5,1912-11-04,-3.8,-9.9,1912-11-16
"		108",서울,1912-12-01,-3,1.5,8.8,1912-12-05,-7.9,-18.6,1912-12-24
"		108",서울,1913-01-01,-5.1,-0.3,6.3,1913-01-03,-10.6,-18.9,1913-01-14
"		108",서울,1913-02-01,-3.7,1.5,11.5,1913-02-21,-8.9,-19.6,1913-02-09
"		108",서울,1913-03-01,1.9,8.1,18.4,1913-03-17,-3.9,-12,1913-03-07
"		108",서울,1913-04-01,10.9,17.4,25.6,1913-04-21,5.2,0.7,1913-04-01
"		108",서울,1913-05-01,14.4,20.5,30,1913-05-24,9.4,5,1913-05-11
"		108",서울,1913-06-01,20.2,25.3,30.8,1913-06-14,16.1,13.3,1913-06-23
"		108",서울,1913-07-01,22.3,26.4,30.7,1913-07-30,18.8,13,1913-07-09
"		108",서울,1913-08-01,23.8,29,31.7,1913-08-08,19.7,14.4,1913-08-31
"		108",서울,1913-09-01,19.3,25.9,30,1913-09-11,13.7,8,1913-09-24
"		108",서울,1913-10-01,13,19.5,30.1,1913-10-03,7.2,-1,1913-10-27
"		108",서울,1913-11-01,4.9,11.2,17.6,1913-11-12,-1.2,-8.9,1913-11-29
"		108",서울,1913-12-01,-1.9,2.6,10.9,1913-12-01,-6.6,-16.9,1913-12-18
"		108",서울,1914-01-01,-2.2,2,9.2,1914-01-13,-6.2,-14,1914-01-08
"		108",서울,1914-02-01,0.5,5,12.3,1914-02-16,-3.8,-10.7,1914-02-03
"		108",서울,1914-03-01,5.2,10.1,17.1,1914-03-23,0.7,-4.3,1914-03-26
"		108",서울,1914-04-01,10.5,16,24.8,1914-04-27,5.8,0.1,1914-04-05
"		108",서울,1914-05-01,17.3,23.8,29.1,1914-05-11,11.8,6.3,1914-05-04
"		108",서울,1914-06-01,21.4,26.7,35,1914-06-24,17.4,13,1914-06-09
"		108",서울,1914-07-01,26.1,30.4,35.6,1914-07-26,23.1,19.4,1914-07-06
"		108",서울,1914-08-01,25.5,29.9,34.4,1914-08-21,22.3,19.2,1914-08-30
"		108",서울,1914-09-01,20.6,26,32.4,1914-09-02,16.3,9.7,1914-09-27
"		108",서울,1914-10-01,13.7,19.7,24.1,1914-10-06,8.9,1.9,1914-10-22
"		108",서울,1914-11-01,6.1,11.2,21.1,1914-11-03,1.5,-7,1914-11-28
"		108",서울,1914-12-01,-1,3.1,14.1,1914-12-01,-5.2,-10.2,1914-12-24
"		108",서울,1915-01-01,-3.9,0.5,12,1915-01-27,-8.5,-21.3,1915-01-14
"		108",서울,1915-02-01,-2.7,1.6,11,1915-02-22,-7,-16.3,1915-02-05
"		108",서울,1915-03-01,0.6,5.2,16.7,1915-03-04,-3.5,-14.1,1915-03-01
"		108",서울,1915-04-01,9.4,14.9,22.3,1915-04-10,4.4,-2,1915-04-08
"		108",서울,1915-05-01,15.3,21.1,28.3,1915-05-29,10.7,4.1,1915-05-02
"		108",서울,1915-06-01,20.7,25.8,30.5,1915-06-15,16.8,14.1,1915-06-03
"		108",서울,1915-07-01,25.1,29.5,33.9,1915-07-27,22.1,15.6,1915-07-05
"		108",서울,1915-08-01,24.4,29.1,34.8,1915-08-03,21,16.3,1915-08-29
"		108",서울,1915-09-01,19.3,24.4,27.9,1915-09-19,15.1,9.3,1915-09-15
"		108",서울,1915-10-01,14.7,20.4,26.8,1915-10-01,10,-1.7,1915-10-28
"		108",서울,1915-11-01,6.2,11.7,17.8,1915-11-03,1.4,-6.4,1915-11-30
"		108",서울,1915-12-01,0.8,5.7,13.5,1915-12-06,-3.9,-12.8,1915-12-19
"		108",서울,1916-01-01,0,4.6,12.2,1916-01-08,-4.2,-12.5,1916-01-24
"		108",서울,1916-02-01,-0.8,4.4,12,1916-02-24,-5,-9.5,1916-02-26
"		108",서울,1916-03-01,0.4,6.2,14.2,1916-03-26,-4.5,-10.1,1916-03-02
"		108",서울,1916-04-01,10.5,16.4,24.2,1916-04-27,6,-3.9,1916-04-06
"		108",서울,1916-05-01,14.5,21.7,29.7,1916-05-13,9.4,3.3,1916-05-08
"		108",서울,1916-06-01,20.1,26.8,32.2,1916-06-04,15.7,9.6,1916-06-01
"		108",서울,1916-07-01,23.6,28.4,33.2,1916-07-30,19.9,16.3,1916-07-03
"		108",서울,1916-08-01,25.5,30.5,33,1916-08-27,21.6,16.9,1916-08-22
"		108",서울,1916-09-01,19.2,24.1,28.2,1916-09-21,15.6,6.8,1916-09-29
"		108",서울,1916-10-01,12.7,18.9,22.9,1916-10-11,7.3,0.2,1916-10-27
"		108",서울,1916-11-01,6.5,12.3,23.3,1916-11-06,1.5,-9.7,1916-11-30
"		108",서울,1916-12-01,-1.4,3.9,11.6,1916-12-04,-6.3,-19,1916-12-26
"		108",서울,1917-01-01,-9,-3.7,2.9,1917-01-13,-14.4,-21.1,1917-01-22
"		108",서울,1917-02-01,-3.4,1.9,10.8,1917-02-26,-8.8,-17.6,1917-02-01
"		108",서울,1917-03-01,2.8,8.8,18.9,1917-03-13,-2.2,-9.5,1917-03-01
"		108",서울,1917-04-01,10.2,17.1,22.2,1917-04-24,4.1,-0.3,1917-04-08
"		108",서울,1917-05-01,14.1,20.2,26.5,1917-05-19,9,2.4,1917-05-02
"		108",서울,1917-06-01,21.5,28.4,36.7,1917-06-16,15.8,9.7,1917-06-05
"		108",서울,1917-07-01,25.7,31,36.6,1917-07-31,21.6,17.7,1917-07-07
"		108",서울,1917-08-01,24.8,30,36.6,1917-08-02,20.7,16.4,1917-08-15
"		108",서울,1917-09-01,20,25.1,29.6,1917-09-05,15.8,11.1,1917-09-30
"		108",서울,1917-10-01,13.2,20.2,24.5,1917-10-01,7.6,-0.4,1917-10-30
"		108",서울,1917-11-01,3.3,8.4,18.1,1917-11-03,-1.3,-7.6,1917-11-07
"		108",서울,1917-12-01,-5.7,-1.2,10.9,1917-12-02,-10.2,-20.4,1917-12-27
"		108",서울,1918-01-01,-7.5,-1.8,5.6,1918-01-29,-13.4,-21.8,1918-01-03
"		108",서울,1918-02-01,0.1,5.3,14.4,1918-02-25,-4.7,-11.4,1918-02-18
"		108",서울,1918-03-01,4.3,10.3,18.9,1918-03-18,-1.1,-6.1,1918-03-02
"		108",서울,1918-04-01,10.9,17.4,26.3,1918-04-29,5.3,-0.1,1918-04-11
"		108",서울,1918-05-01,14.8,20.4,26.8,1918-05-24,10,4.3,1918-05-07
"		108",서울,1918-06-01,20.1,25.5,31.5,1918-06-20,15.4,11.1,1918-06-11
"		108",서울,1918-07-01,23.3,27.9,36.1,1918-07-25,19.7,16.1,1918-07-15
"		108",서울,1918-08-01,24.7,29.8,35.2,1918-08-07,20.9,17.3,1918-08-20
"		108",서울,1918-09-01,19.2,25.2,29.9,1918-09-01,14.4,8.7,1918-09-20
"		108",서울,1918-10-01,12.9,20,25,1918-10-08,6.8,-2.6,1918-10-25
"		108",서울,1918-11-01,4.6,9.6,20.4,1918-11-01,0,-6.2,1918-11-29
"		108",서울,1918-12-01,-1.5,3.5,9.7,1918-12-06,-6.1,-13,1918-12-09
"		108",서울,1919-01-01,-4.7,-0.8,7.2,1919-01-09,-9,-17.5,1919-01-21
"		108",서울,1919-02-01,-1.7,4.5,13.3,1919-02-27,-7.3,-18.3,1919-02-05
"		108",서울,1919-03-01,4.9,10.7,21,1919-03-23,-0.5,-5.9,1919-03-29
"		108",서울,1919-04-01,10.2,17.1,22.9,1919-04-30,4,-3.9,1919-04-01
"		108",서울,1919-05-01,16.1,22.5,28.3,1919-05-09,10.4,3.1,1919-05-04
"		108",서울,1919-06-01,21,26.3,30,1919-06-25,16.8,11.8,1919-06-06
"		108",서울,1919-07-01,25.6,31.2,35.9,1919-07-31,21.5,16.3,1919-07-10
"		108",서울,1919-08-01,26.3,32.2,37.5,1919-08-01,21.7,17,1919-08-18
"		108",서울,1919-09-01,19.5,25.3,28.8,1919-09-02,14.6,8.6,1919-09-17
"		108",서울,1919-10-01,12.8,18.9,26.3,1919-10-02,7.3,-2.2,1919-10-31
"		108",서울,1919-11-01,5.8,11.8,19.9,1919-11-04,0.2,-9.3,1919-11-25
"		108",서울,1919-12-01,-2.7,2.2,8.5,1919-12-04,-7.9,-19.3,1919-12-30
"		108",서울,1920-01-01,-6.8,-1.9,7.5,1920-01-31,-12.7,-22.3,1920-01-04
"		108",서울,1920-02-01,-3.2,1,8.5,1920-02-01,-7.5,-18.5,1920-02-11
"		108",서울,1920-03-01,5.1,10.5,22.2,1920-03-21,0.2,-7.8,1920-03-06
"		108",서울,1920-04-01,10.4,16.9,22.3,1920-04-29,4.3,-0.2,1920-04-06
"		108",서울,1920-05-01,17.3,24.4,29.3,1920-05-22,11.5,7.7,1920-05-01
"		108",서울,1920-06-01,21.6,27.8,35.6,1920-06-30,16.3,12.5,1920-06-02
"		108",서울,1920-07-01,25.2,29.9,34.3,1920-07-16,21.6,19.5,1920-07-10
"		108",서울,1920-08-01,25,30,33.6,1920-08-10,21.2,18,1920-08-05
"		108",서울,1920-09-01,21.1,26.4,33,1920-09-05,16.6,10.6,1920-09-26
"		108",서울,1920-10-01,14.7,21.5,25.9,1920-10-01,8.6,2.7,1920-10-24
"		108",서울,1920-11-01,7.3,13,21.9,1920-11-02,1.8,-4.6,1920-11-22
"		108",서울,1920-12-01,-1.2,3.2,12.9,1920-12-01,-6.3,-18.9,1920-12-28
"		108",서울,1921-01-01,-2.7,1.8,8.5,1921-01-24,-7.5,-15.3,1921-01-09
"		108",서울,1921-02-01,-1.3,3.9,9.5,1921-02-26,-6.2,-11.6,1921-02-22
"		108",서울,1921-03-01,3.3,8.7,17,1921-03-31,-1.5,-6.6,1921-03-15
"		108",서울,1921-04-01,10.9,17.5,28.3,1921-04-26,5.3,-0.7,1921-04-06
"		108",서울,1921-05-01,16.2,22.6,26.7,1921-05-28,10.8,5.9,1921-05-07
"		108",서울,1921-06-01,20.1,25.9,32.7,1921-06-16,15.1,9.3,1921-06-03
"		108",서울,1921-07-01,24,28.6,32.3,1921-07-27,20.6,17.4,1921-07-01
"		108",서울,1921-08-01,25.6,30.8,36,1921-08-15,21.8,17.3,1921-08-27
"		108",서울,1921-09-01,19.8,25.4,30.8,1921-09-16,15.2,9.8,1921-09-28
"		108",서울,1921-10-01,12.3,18.6,24,1921-10-07,6.8,-0.5,1921-10-30
"		108",서울,1921-11-01,3.4,8.8,17.2,1921-11-14,-1.5,-9.4,1921-11-26
"		108",서울,1921-12-01,-0.7,4.2,11.7,1921-12-09,-5.4,-13.6,1921-12-25
"		108",서울,1922-01-01,-7.8,-3.1,4,1922-01-14,-13.1,-21,1922-01-20
"		108",서울,1922-02-01,0.7,6,12.4,1922-02-20,-4.4,-17.6,1922-02-01
"		108",서울,1922-03-01,2.7,8.5,14.5,1922-03-30,-2.4,-10.2,1922-03-25
"		108",서울,1922-04-01,12.3,19.5,28.4,1922-04-29,5.9,-0.8,1922-04-01
"		108",서울,1922-05-01,16,22.3,32,1922-05-28,10.7,6,1922-05-10
"		108",서울,1922-06-01,21.7,28.4,34.5,1922-06-20,16.3,11,1922-06-01
"		108",서울,1922-07-01,24.1,28.1,34.5,1922-07-21,21,16.2,1922-07-05
"		108",서울,1922-08-01,25.8,30.3,36.3,1922-08-16,22.6,19,1922-08-25
"		108",서울,1922-09-01,20.7,26.1,32.5,1922-09-09,16.3,6.2,1922-09-29
"		108",서울,1922-10-01,14.1,20.1,25.2,1922-10-07,8.5,1.3,1922-10-11
"		108",서울,1922-11-01,3.5,8.9,19.1,1922-11-05,-1.5,-11.6,1922-11-27
"		108",서울,1922-12-01,-3.9,0.8,8.5,1922-12-09,-9.2,-15.7,1922-12-20
"		108",서울,1923-01-01,-5.8,-1.7,4.3,1923-01-20,-10.8,-20.4,1923-01-02
"		108",서울,1923-02-01,-3,1.3,9.5,1923-02-18,-7.8,-14.1,1923-02-06
"		108",서울,1923-03-01,4.8,9.9,19.5,1923-03-25,-0.4,-8.2,1923-03-13
"		108",서울,1923-04-01,9.3,15.1,23,1923-04-27,4.1,-1.3,1923-04-20
"		108",서울,1923-05-01,16.6,22.9,27.7,1923-05-24,11.4,7.7,1923-05-04
"		108",서울,1923-06-01,20.9,27.5,33,1923-06-27,15.3,10.1,1923-06-03
"		108",서울,1923-07-01,24.2,28.6,32.3,1923-07-16,20.5,16.5,1923-07-01
"		108",서울,1923-08-01,26.1,30.9,35.9,1923-08-06,22.6,19.1,1923-08-30
"		108",서울,1923-09-01,19.4,25,30.4,1923-09-01,14.6,5.6,1923-09-28
"		108",서울,1923-10-01,12.5,18.5,22.1,1923-10-19,6.8,0.4,1923-10-24
"		108",서울,1923-11-01,4.7,10.1,16.7,1923-11-06,-0.4,-10.9,1923-11-30
"		108",서울,1923-12-01,-2.1,2.4,8.9,1923-12-06,-7,-16.8,1923-12-29
"		108",서울,1924-01-01,-2.5,2.8,9.2,1924-01-06,-8,-18.7,1924-01-27
"		108",서울,1924-02-01,-1.8,2.8,12.1,1924-02-07,-6.4,-13.2,1924-02-23
"		108",서울,1924-03-01,1.1,6.5,20.2,1924-03-31,-4.1,-9.6,1924-03-02
"		108",서울,1924-04-01,11.1,17.8,24.5,1924-04-22,5.3,-2.8,1924-04-05
"		108",서울,1924-05-01,16,22.4,26.5,1924-05-06,10.3,7.6,1924-05-03
"		108",서울,1924-06-01,21.2,27.9,33.4,1924-06-27,15.5,12,1924-06-01
"		108",서울,1924-07-01,25.6,29.9,35.4,1924-07-16,22.2,19.3,1924-07-09
"		108",서울,1924-08-01,27,32.8,37.4,1924-08-09,22.4,16.7,1924-08-30
"		108",서울,1924-09-01,20.3,26.4,32.4,1924-09-03,15.2,8.6,1924-09-19
"		108",서울,1924-10-01,12.6,19.2,26.2,1924-10-01,6.1,-4,1924-10-25
"		108",서울,1924-11-01,3.3,8.5,16.5,1924-11-29,-2,-9,1924-11-27
"		108",서울,1924-12-01,-1.6,2.7,10.7,1924-12-03,-6.6,-14,1924-12-11
"		108",서울,1925-01-01,-4.1,0.7,6,1925-01-14,-9.3,-15.4,1925-01-12
"		108",서울,1925-02-01,-2.9,2,7.7,1925-02-05,-8.2,-15.2,1925-02-25
"		108",서울,1925-03-01,1.5,6.5,12.1,1925-03-28,-3.3,-10.3,1925-03-08
"		108",서울,1925-04-01,9.8,16.6,23,1925-04-20,3.8,-3.3,1925-04-06
"		108",서울,1925-05-01,16.1,21.9,29.6,1925-05-05,11.2,7.2,1925-05-01
"		108",서울,1925-06-01,20.6,26.3,30.3,1925-06-21,15.7,10.6,1925-06-15
"		108",서울,1925-07-01,23.3,27.7,33.7,1925-07-27,19.5,14.5,1925-07-14
"		108",서울,1925-08-01,25.2,30.1,33.6,1925-08-27,21.5,17.4,1925-08-07
"		108",서울,1925-09-01,19.8,25.1,30,1925-09-02,15,8.1,1925-09-21
"		108",서울,1925-10-01,13.3,19.7,23.8,1925-10-01,7.2,-1.3,1925-10-22
"		108",서울,1925-11-01,7.4,12.4,18.6,1925-11-01,2.4,-6.2,1925-11-30
"		108",서울,1925-12-01,-1.4,2.3,14.1,1925-12-09,-6.1,-17.4,1925-12-30
"		108",서울,1926-01-01,-4.8,-0.8,6.2,1926-01-27,-9.6,-18.6,1926-01-03
"		108",서울,1926-02-01,-2.5,2.2,7.7,1926-02-21,-7.6,-15.1,1926-02-01
"		108",서울,1926-03-01,3.1,9,19.4,1926-03-31,-2.4,-6.5,1926-03-26
"		108",서울,1926-04-01,9.1,15.4,20.3,1926-04-23,3.2,-1.2,1926-04-04
"		108",서울,1926-05-01,16.7,22,25.8,1926-05-25,12,5.1,1926-05-01
"		108",서울,1926-06-01,20.7,27.2,31.6,1926-06-21,15.2,10.3,1926-06-15
"		108",서울,1926-07-01,24.1,28.4,33,1926-07-15,20.3,15.6,1926-07-01
"		108",서울,1926-08-01,25.4,29.4,33,1926-08-15,22,18.2,1926-08-28
"		108",서울,1926-09-01,20.3,25.3,30,1926-09-07,15.9,9,1926-09-28
"		108",서울,1926-10-01,11.5,17.1,23.6,1926-10-03,6,-1.1,1926-10-24
"		108",서울,1926-11-01,6.3,12,17.5,1926-11-10,0.7,-4.5,1926-11-15
"		108",서울,1926-12-01,-4,0.3,12.5,1926-12-01,-8.6,-16.9,1926-12-09
"		108",서울,1927-01-01,-4.1,0.1,11.7,1927-01-06,-9.1,-17.7,1927-01-22
"		108",서울,1927-02-01,-2.9,1.6,9.7,1927-02-19,-7.6,-14.8,1927-02-09
"		108",서울,1927-03-01,3.4,8.6,19.3,1927-03-31,-1.7,-7.1,1927-03-06
"		108",서울,1927-04-01,11.7,17.8,24.8,1927-04-27,5.9,-1.2,1927-04-05
"		108",서울,1927-05-01,13.8,19.3,26.9,1927-05-28,8.9,4.9,1927-05-08
"		108",서울,1927-06-01,21.2,27.7,33.5,1927-06-22,15.7,11.1,1927-06-01
"		108",서울,1927-07-01,25.7,30,35,1927-07-28,22.3,18.5,1927-07-02
"		108",서울,1927-08-01,25,29.9,33.3,1927-08-07,21.4,16.8,1927-08-22
"		108",서울,1927-09-01,19.6,25.9,29.5,1927-09-11,13.8,8.2,1927-09-20
"		108",서울,1927-10-01,12.8,18.7,26.6,1927-10-08,7.1,0.8,1927-10-16
"		108",서울,1927-11-01,7.7,13.7,19.9,1927-11-03,1.5,-4.5,1927-11-18
"		108",서울,1927-12-01,-2,2,10.2,1927-12-13,-7.2,-23.1,1927-12-31
"		108",서울,1928-01-01,-5.2,-1,7.9,1928-01-22,-10.1,-22.2,1928-01-05
"		108",서울,1928-02-01,-2.3,2,9.3,1928-02-29,-7.3,-15.1,1928-02-08
"		108",서울,1928-03-01,4.1,9.1,17.9,1928-03-30,-1,-4.9,1928-03-03
"		108",서울,1928-04-01,12.1,18.7,24.3,1928-04-15,5.8,0.6,1928-04-07
"		108",서울,1928-05-01,16.5,23.2,29,1928-05-28,10.9,5.7,1928-05-18
"		108",서울,1928-06-01,21.5,27.8,32.2,1928-06-11,16.1,12.1,1928-06-06
"		108",서울,1928-07-01,25,29.8,33.7,1928-07-24,21,18,1928-07-21
"		108",서울,1928-08-01,25.7,31.7,35.2,1928-08-14,20.7,17.5,1928-08-22
"		108",서울,1928-09-01,20.3,25.5,31.7,1928-09-02,15.7,3.2,1928-09-26
"		108",서울,1928-10-01,12.3,19.5,25.7,1928-10-26,6,-1.5,1928-10-31
"		108",서울,1928-11-01,5.2,10.8,18,1928-11-06,-0.5,-7.7,1928-11-17
"		108",서울,1928-12-01,-1.9,2.6,13.3,1928-12-01,-7,-16.3,1928-12-19
"		108",서울,1929-01-01,-4.8,-0.2,7.4,1929-01-11,-9.8,-17.5,1929-01-07
"		108",서울,1929-02-01,-2.8,2.8,16,1929-02-28,-8.2,-17.1,1929-02-02
"		108",서울,1929-03-01,4.4,10.5,20.6,1929-03-23,-1,-8.8,1929-03-03
"		108",서울,1929-04-01,10.4,17,22.5,1929-04-27,4.5,-0.3,1929-04-03
"		108",서울,1929-05-01,16.7,23.5,29.9,1929-05-31,11.2,5.9,1929-05-05
"		108",서울,1929-06-01,22.9,29.8,35.5,1929-06-25,17,13,1929-06-08
"		108",서울,1929-07-01,25.9,30.8,34.2,1929-07-31,22.3,18.4,1929-07-03
"		108",서울,1929-08-01,26.2,31.8,36.7,1929-08-12,21.8,16.2,1929-08-29
"		108",서울,1929-09-01,18.8,25.7,28.5,1929-09-24,13,8.6,1929-09-20
"		108",서울,1929-10-01,12.8,20.2,28.4,1929-10-04,6.4,-1,1929-10-29
"		108",서울,1929-11-01,4.9,10.9,17.5,1929-11-07,-0.6,-8.7,1929-11-23
"		108",서울,1929-12-01,1.5,5.2,14.4,1929-12-01,-2.6,-16.8,1929-12-25
"		108",서울,1930-01-01,-4.5,0.5,8.6,1930-01-27,-9.7,-17.4,1930-01-06
"		108",서울,1930-02-01,0.9,6.5,15.8,1930-02-22,-4.4,-11.3,1930-02-03
"		108",서울,1930-03-01,6.3,11.7,21.1,1930-03-26,1,-3.5,1930-03-09
"		108",서울,1930-04-01,12.5,18.9,24.3,1930-04-18,6.9,0.1,1930-04-02
"		108",서울,1930-05-01,16.7,23.4,29.5,1930-05-15,10.8,6,1930-05-07
"		108",서울,1930-06-01,21.4,28.1,34.2,1930-06-13,15.8,11,1930-06-07
"		108",서울,1930-07-01,25.5,29.6,35.2,1930-07-26,22.2,19.2,1930-07-15
"		108",서울,1930-08-01,26.4,32.2,37.4,1930-08-11,22.1,16.4,1930-08-30
"		108",서울,1930-09-01,19.5,25.7,29.1,1930-09-07,14.1,7.6,1930-09-23
"		108",서울,1930-10-01,14,20.9,25.5,1930-10-09,8,3.8,1930-10-21
"		108",서울,1930-11-01,3.1,7.6,16.8,1930-11-09,-1.5,-8.5,1930-11-12
"		108",서울,1930-12-01,-0.8,3.7,11,1930-12-19,-5.8,-12.5,1930-12-31
"		108",서울,1931-01-01,-3.9,0.3,7.4,1931-01-05,-8.9,-22.5,1931-01-11
"		108",서울,1931-02-01,-2.7,2.1,10.7,1931-02-03,-7.7,-17.8,1931-02-08
"		108",서울,1931-03-01,4.7,11,19.4,1931-03-15,-0.9,-10.7,1931-03-01
"		108",서울,1931-04-01,8.8,14.9,21.2,1931-04-28,4,-1,1931-04-08
"		108",서울,1931-05-01,16.3,23.6,28.6,1931-05-24,10.9,5.8,1931-05-02
"		108",서울,1931-06-01,21.4,27.9,32.3,1931-06-30,17.1,12.5,1931-06-03
"		108",서울,1931-07-01,22.4,27.4,31,1931-07-29,19.2,15.2,1931-07-14
"		108",서울,1931-08-01,25,29.5,36,1931-08-09,22.3,15.2,1931-08-31
"		108",서울,1931-09-01,20,26.3,31.4,1931-09-23,15.4,7.7,1931-09-29
"		108",서울,1931-10-01,11.9,19.7,27.7,1931-10-04,5.8,-3,1931-10-28
"		108",서울,1931-11-01,7.7,13.6,20.2,1931-11-14,3.2,-7.1,1931-11-19
"		108",서울,1931-12-01,-1,3.5,12.7,1931-12-07,-5,-14.7,1931-12-13
"		108",서울,1932-01-01,-0.6,5.1,14.4,1932-01-06,-5.2,-12.9,1932-01-08
"		108",서울,1932-02-01,-1.4,3.1,9.3,1932-02-08,-4.9,-14.1,1932-02-17
"		108",서울,1932-03-01,2.8,8.7,16.5,1932-03-26,-2,-7.8,1932-03-17
"		108",서울,1932-04-01,9.9,16.1,22.2,1932-04-17,5,-0.4,1932-04-10
"		108",서울,1932-05-01,17,24.3,33.5,1932-05-17,11.6,7,1932-05-09
"		108",서울,1932-06-01,21.7,27.6,32.1,1932-06-30,17.4,12.4,1932-06-01
"		108",서울,1932-07-01,25.9,31.3,36.3,1932-07-31,22.7,18.8,1932-07-01
"		108",서울,1932-08-01,25.6,30.7,37.2,1932-08-02,22.2,17.8,1932-08-21
"		108",서울,1932-09-01,20.2,26.5,29.5,1932-09-14,15.8,12.6,1932-09-30
"		108",서울,1932-10-01,12.2,19.4,26.5,1932-10-01,6.9,0.3,1932-10-25
"		108",서울,1932-11-01,5.8,12.3,22.5,1932-11-05,0.5,-6.5,1932-11-08
"		108",서울,1932-12-01,0.6,5,12.5,1932-12-01,-3.4,-11.4,1932-12-13
"		108",서울,1933-01-01,-6.4,-2.4,6.1,1933-01-10,-11.5,-18.4,1933-01-27
"		108",서울,1933-02-01,-3.7,0.7,6.6,1933-02-06,-8.4,-14.2,1933-02-04
"		108",서울,1933-03-01,0.6,5.1,12.5,1933-03-24,-3.2,-12.8,1933-03-06
"		108",서울,1933-04-01,10.2,16.5,25.5,1933-04-30,5.4,-0.5,1933-04-01
"		108",서울,1933-05-01,16.3,22.3,29,1933-05-25,11.9,4,1933-05-06
"		108",서울,1933-06-01,20.7,26.2,31.3,1933-06-22,16.7,10.6,1933-06-02
"		108",서울,1933-07-01,25.5,30.3,35.9,1933-07-21,22.4,19.1,1933-07-02
"		108",서울,1933-08-01,24.1,28.3,32.5,1933-08-02,21.3,18,1933-08-23
"		108",서울,1933-09-01,20.1,25.5,30.2,1933-09-01,15.9,6.5,1933-09-28
"		108",서울,1933-10-01,13,18.5,25.8,1933-10-04,8.4,1.4,1933-10-30
"		108",서울,1933-11-01,5.5,10.7,16.3,1933-11-10,1,-5,1933-11-07
"		108",서울,1933-12-01,0.4,4.2,12.7,1933-12-07,-3.3,-10.5,1933-12-24
"		108",서울,1934-01-01,-8.3,-3.6,2.8,1934-01-29,-12.8,-18.7,1934-01-12
"		108",서울,1934-02-01,-2.3,2.1,5.7,1934-02-17,-6.7,-12.2,1934-02-06
"		108",서울,1934-03-01,2,6.9,16.3,1934-03-25,-2.5,-9.1,1934-03-05
"		108",서울,1934-04-01,9.1,15.3,24.8,1934-04-27,4,-1.5,1934-04-02
"		108",서울,1934-05-01,16.9,23.3,28.6,1934-05-16,11.8,4.2,1934-05-02
"		108",서울,1934-06-01,20.2,25.2,31.9,1934-06-22,16.3,11.5,1934-06-06
"		108",서울,1934-07-01,23.8,27.2,31.7,1934-07-07,21,18,1934-07-16
"		108",서울,1934-08-01,24.1,28,33.4,1934-08-07,21.2,16,1934-08-27
"		108",서울,1934-09-01,19.3,24.6,29,1934-09-01,15.4,9.5,1934-09-23
"		108",서울,1934-10-01,11.7,18,23.3,1934-10-13,6.1,-0.8,1934-10-25
"		108",서울,1934-11-01,4.3,9.3,14.5,1934-11-04,-0.3,-9.2,1934-11-29
"		108",서울,1934-12-01,0.8,5.2,9.5,1934-12-10,-3.4,-8.7,1934-12-05
"		108",서울,1935-01-01,-3.2,1,9,1935-01-12,-7.2,-13.1,1935-01-22
"		108",서울,1935-02-01,-0.2,5.5,16,1935-02-26,-5.5,-14.9,1935-02-07
"		108",서울,1935-03-01,5.1,10.4,19.1,1935-03-18,0.3,-4,1935-03-05
"		108",서울,1935-04-01,10.3,16.8,24.7,1935-04-08,4.7,-0.9,1935-04-01
"		108",서울,1935-05-01,16,22.2,30.1,1935-05-24,10.9,4.1,1935-05-01
"		108",서울,1935-06-01,20.1,25.7,29.8,1935-06-02,16,12.4,1935-06-05
"		108",서울,1935-07-01,23.8,28.5,32.6,1935-07-25,20.4,17.3,1935-07-21
"		108",서울,1935-08-01,25,30.1,33.5,1935-08-03,21.3,16.1,1935-08-31
"		108",서울,1935-09-01,20.3,27,33,1935-09-08,15,6.1,1935-09-14
"		108",서울,1935-10-01,14.6,20.6,25.4,1935-10-10,9.4,3.3,1935-10-08
"		108",서울,1935-11-01,6.6,11.6,20.2,1935-11-01,2.1,-6,1935-11-17
"		108",서울,1935-12-01,-3.9,0.7,12.5,1935-12-07,-8.4,-16.9,1935-12-30
"		108",서울,1936-01-01,-8.8,-4,3.1,1936-01-28,-13.6,-20.1,1936-01-17
"		108",서울,1936-02-01,-4.4,0.1,9.2,1936-02-16,-8.8,-17.5,1936-02-05
"		108",서울,1936-03-01,-0.2,5,12,1936-03-31,-4.6,-13.7,1936-03-02
"		108",서울,1936-04-01,9.1,15.2,22.5,1936-04-17,4,-2,1936-04-01
"		108",서울,1936-05-01,15.8,22.5,27.4,1936-05-18,10.5,6.4,1936-05-01
"		108",서울,1936-06-01,20.7,26.5,32.1,1936-06-16,16.4,9.9,1936-06-04
"		108",서울,1936-07-01,23.6,28.4,34.3,1936-07-23,20.2,15.6,1936-07-05
"		108",서울,1936-08-01,22.7,26.9,30.7,1936-08-17,19.7,16.8,1936-08-28
"		108",서울,1936-09-01,20.1,25.3,29.7,1936-09-01,16.3,10,1936-09-18
"		108",서울,1936-10-01,13.2,20.1,24.7,1936-10-10,7.4,0.8,1936-10-23
"		108",서울,1936-11-01,5.7,11,17.4,1936-11-03,0.5,-7.7,1936-11-28
"		108",서울,1936-12-01,-0.5,3.6,14.6,1936-12-17,-4.7,-9.3,1936-12-22
"		108",서울,1937-01-01,-3.6,0.7,9.8,1937-01-04,-7.5,-13.2,1937-01-11
"		108",서울,1937-02-01,0.1,4.4,11,1937-02-22,-3.9,-11.7,1937-02-03
"		108",서울,1937-03-01,3.6,8.7,18.8,1937-03-23,-1.1,-5.3,1937-03-17
"		108",서울,1937-04-01,10.6,16.6,26.4,1937-04-29,5.7,-0.7,1937-04-02
"		108",서울,1937-05-01,15.8,22.2,26.2,1937-05-23,10.8,6.8,1937-05-08
"		108",서울,1937-06-01,21.6,28,32.5,1937-06-24,16.5,11.4,1937-06-01
"		108",서울,1937-07-01,24.6,29.8,34.4,1937-07-25,20.8,16.6,1937-07-01
"		108",서울,1937-08-01,26.7,32,35.1,1937-08-17,23,18.5,1937-08-27
"		108",서울,1937-09-01,20.3,26.4,29.8,1937-09-01,15.6,7.3,1937-09-28
"		108",서울,1937-10-01,13.8,20.1,26.9,1937-10-02,8.5,-0.5,1937-10-18
"		108",서울,1937-11-01,7.2,12.2,22.1,1937-11-05,2.5,-6,1937-11-25
"		108",서울,1937-12-01,-3.9,0.7,11.1,1937-12-17,-8.4,-16,1937-12-27
"		108",서울,1938-01-01,-6.3,-1.5,6.3,1938-01-17,-11.3,-19,1938-01-27
"		108",서울,1938-02-01,-3.3,1.4,14.7,1938-02-28,-8,-14.3,1938-02-09
"		108",서울,1938-03-01,4.7,9.4,19,1938-03-20,0.5,-6,1938-03-07
"		108",서울,1938-04-01,11.4,17.6,27.3,1938-04-21,6.1,0.2,1938-04-09
"		108",서울,1938-05-01,16.5,21.9,30.4,1938-05-27,12.2,6.8,1938-05-10
"		108",서울,1938-06-01,20,25.4,32.2,1938-06-23,15.9,13.2,1938-06-19
"		108",서울,1938-07-01,25.2,30.3,34.7,1938-07-26,21.6,18.2,1938-07-04
"		108",서울,1938-08-01,26.3,31.9,35.6,1938-08-07,22.3,19.5,1938-08-31
"		108",서울,1938-09-01,19.3,25.8,32.1,1938-09-01,14.1,9.5,1938-09-25
"		108",서울,1938-10-01,15,20.9,27.8,1938-10-03,10,3.7,1938-10-26
"		108",서울,1938-11-01,4.8,10.4,19.5,1938-11-04,-0.5,-6.5,1938-11-12
"		108",서울,1938-12-01,-2.3,1.7,11.8,1938-12-03,-6.4,-15.7,1938-12-29
"		108",서울,1939-01-01,-5.2,-0.8,5.4,1939-01-30,-10,-19.6,1939-01-06
"		108",서울,1939-02-01,-2,3.4,10.1,1939-02-27,-6.7,-16,1939-02-06
"		108",서울,1939-03-01,4.1,9.1,17.9,1939-03-09,-0.5,-5.2,1939-03-20
"		108",서울,1939-04-01,11.6,18.6,25.7,1939-04-19,5.9,-2.7,1939-04-04
"		108",서울,1939-05-01,15.7,22,29.6,1939-05-28,10.3,5.1,1939-05-03
"		108",서울,1939-06-01,20.8,27.2,33.3,1939-06-16,16.2,12,1939-06-05
"		108",서울,1939-07-01,27.6,33.7,37.7,1939-07-30,23.2,17.6,1939-07-02
"		108",서울,1939-08-01,27.5,34.4,38.2,1939-08-10,22.6,19.4,1939-08-17
"		108",서울,1939-09-01,21,27.8,35.1,1939-09-02,16.1,5.7,1939-09-30
"		108",서울,1939-10-01,14.3,21.2,29.3,1939-10-14,8.3,-1.6,1939-10-21
"		108",서울,1939-11-01,5.9,11.1,20.2,1939-11-06,0.8,-10.2,1939-11-26
"		108",서울,1939-12-01,-0.9,3.7,8.6,1939-12-05,-5.6,-13.6,1939-12-15
"		108",서울,1940-01-01,-7.4,-3.2,7,1940-01-04,-11.4,-17.7,1940-01-10
"		108",서울,1940-02-01,-2.3,2.3,9.2,1940-02-24,-6.9,-13.9,1940-02-08
"		108",서울,1940-03-01,3.7,9.7,18.2,1940-03-31,-1.4,-7.7,1940-03-15
"		108",서울,1940-04-01,9.7,15.8,24.1,1940-04-30,4.8,-0.7,1940-04-07
"		108",서울,1940-05-01,16.3,23.2,30,1940-05-10,10.8,3.3,1940-05-04
"		108",서울,1940-06-01,20.1,26.6,32.5,1940-06-21,15.1,10.2,1940-06-07
"		108",서울,1940-07-01,23.4,27,33.9,1940-07-31,20.3,17.6,1940-07-06
"		108",서울,1940-08-01,24.3,29.1,34.3,1940-08-21,20.7,13.5,1940-08-26
"		108",서울,1940-09-01,19.9,26.2,30.2,1940-09-10,14.9,9.3,1940-09-18
"		108",서울,1940-10-01,14.7,22.2,28.5,1940-10-04,8.2,0.2,1940-10-26
"		108",서울,1940-11-01,6.8,12.1,25.2,1940-11-04,1.9,-5.5,1940-11-26
"		108",서울,1940-12-01,-0.2,4.1,11.8,1940-12-06,-4.8,-10.6,1940-12-18
"		108",서울,1941-01-01,-3.8,1.2,12.3,1941-01-07,-8.7,-20.4,1941-01-31
"		108",서울,1941-02-01,-2.4,2.9,10.9,1941-02-20,-7.4,-18.2,1941-02-01
"		108",서울,1941-03-01,3.8,9.6,19.3,1941-03-20,-1.2,-13,1941-03-04
"		108",서울,1941-04-01,10,16.3,23.2,1941-04-20,4.6,-0.9,1941-04-06
"		108",서울,1941-05-01,16.7,23,29.2,1941-05-08,11.1,6.2,1941-05-06
"		108",서울,1941-06-01,21.2,26.9,32.7,1941-06-27,16.8,13.5,1941-06-02
"		108",서울,1941-07-01,23.7,29.4,34.3,1941-07-20,19.4,14.6,1941-07-14
"		108",서울,1941-08-01,23.8,28.7,33.6,1941-08-07,20.3,16.1,1941-08-24
"		108",서울,1941-09-01,19.7,26.4,31.1,1941-09-02,14.4,10.7,1941-09-21
"		108",서울,1941-10-01,12.9,19.4,26.9,1941-10-06,7.1,-1.6,1941-10-27
"		108",서울,1941-11-01,7.7,12.9,19.6,1941-11-17,2.5,-8.8,1941-11-29
"		108",서울,1941-12-01,0.4,4.5,11.4,1941-12-20,-3.9,-13.6,1941-12-14
"		108",서울,1942-01-01,-6.4,-1.7,4.5,1942-01-27,-11.5,-17.9,1942-01-18
"		108",서울,1942-02-01,-3.5,1.2,11.3,1942-02-23,-8.3,-16.7,1942-02-13
"		108",서울,1942-03-01,5.9,11.5,18.7,1942-03-21,0.9,-4.7,1942-03-08
"		108",서울,1942-04-01,9.9,16,26.2,1942-04-25,4.4,-1.4,1942-04-06
"		108",서울,1942-05-01,15.3,21.6,30.5,1942-05-28,10,4.1,1942-05-05
"		108",서울,1942-06-01,22,29.3,34.7,1942-06-12,16.4,11.3,1942-06-04
"		108",서울,1942-07-01,26,31.7,36,1942-07-24,22.1,18.2,1942-07-07
"		108",서울,1942-08-01,25.4,30.4,34.5,1942-08-15,21.6,17.6,1942-08-31
"		108",서울,1942-09-01,20,26,32.7,1942-09-03,15.3,8.1,1942-09-30
"		108",서울,1942-10-01,12.5,19,27.5,1942-10-03,6.8,-5.1,1942-10-24
"		108",서울,1942-11-01,4.7,10.7,21.3,1942-11-04,-0.9,-11.1,1942-11-28
"		108",서울,1942-12-01,-1.2,3.4,11,1942-12-17,-6.1,-15.4,1942-12-28
"		108",서울,1943-01-01,-6.6,-1,11.5,1943-01-21,-12.1,-18.6,1943-01-12
"		108",서울,1943-02-01,-2.4,3.2,10.8,1943-02-27,-8.4,-15.5,1943-02-08
"		108",서울,1943-03-01,5.4,11.3,17.5,1943-03-26,0.4,-4.9,1943-03-11
"		108",서울,1943-04-01,10.6,17.2,28,1943-04-27,5.1,-1.9,1943-04-08
"		108",서울,1943-05-01,16.7,23.4,27.3,1943-05-30,11.4,8.9,1943-05-06
"		108",서울,1943-06-01,21.5,28.4,34.2,1943-06-12,16.1,11.2,1943-06-04
"		108",서울,1943-07-01,26,32.3,35.8,1943-07-30,21.4,17,1943-07-25
"		108",서울,1943-08-01,27.8,34.6,38.2,1943-08-24,23.1,15.4,1943-08-31
"		108",서울,1943-09-01,20.9,27,33.4,1943-09-01,16.1,8.5,1943-09-29
"		108",서울,1943-10-01,13.8,20.4,25.3,1943-10-06,8.3,1.8,1943-10-27
"		108",서울,1943-11-01,6.1,11.8,22.7,1943-11-03,0.5,-9.2,1943-11-19
"		108",서울,1943-12-01,0,4.9,14.2,1943-12-01,-5.1,-11.6,1943-12-26
"		108",서울,1944-01-01,-4.3,0.8,8,1944-01-24,-9.7,-16.2,1944-01-06
"		108",서울,1944-02-01,-2.4,2.7,9.7,1944-02-29,-8,-13.4,1944-02-08
"		108",서울,1944-03-01,3.2,8.9,18.2,1944-03-27,-1.8,-6.6,1944-03-07
"		108",서울,1944-04-01,9.6,16.1,23.4,1944-04-30,4.1,-0.9,1944-04-04
"		108",서울,1944-05-01,15.9,22.4,29.3,1944-05-29,10.8,4.6,1944-05-06
"		108",서울,1944-06-01,21.4,27.8,34.3,1944-06-20,16.7,12.3,1944-06-09
"		108",서울,1944-07-01,25.3,30,36,1944-07-31,21.9,15.2,1944-07-02
"		108",서울,1944-08-01,25.5,31.3,35.8,1944-08-02,21.4,15,1944-08-25
"		108",서울,1944-09-01,20.7,26.5,30.5,1944-09-09,16.4,10.1,1944-09-30
"		108",서울,1944-10-01,13.5,20.6,25.8,1944-10-05,7.5,1.8,1944-10-14
"		108",서울,1944-11-01,7.8,13,23.4,1944-11-01,3.1,-4.1,1944-11-13
"		108",서울,1944-12-01,-5.7,-0.9,7.2,1944-12-01,-10.4,-15.5,1944-12-27
"		108",서울,1945-01-01,-7.8,-2.9,6.2,1945-01-31,-12.9,-19.1,1945-01-27
"		108",서울,1945-02-01,-4.9,0.5,11.2,1945-02-28,-9.9,-15.6,1945-02-03
"		108",서울,1945-03-01,2.3,6.6,14.7,1945-03-28,-1.6,-8.9,1945-03-08
"		108",서울,1945-04-01,11,17.8,28.9,1945-04-29,5.4,-1.2,1945-04-08
"		108",서울,1945-05-01,13.6,19.7,29.2,1945-05-31,9,2.7,1945-05-06
"		108",서울,1945-06-01,20.1,25.9,31.5,1945-06-28,15.7,10.7,1945-06-03
"		108",서울,1945-07-01,23.2,28.2,32.3,1945-07-27,19.8,16,1945-07-07
"		108",서울,1945-08-01,25.5,31.1,37,1945-08-23,22,16.5,1945-08-31
"		108",서울,1945-09-01,21.3,27,30,1945-09-04,17,12.6,1945-09-25
"		108",서울,1945-10-01,13.5,20.6,25.3,1945-10-07,7.7,0,1945-10-25
"		108",서울,1945-11-01,8.4,14.4,21.8,1945-11-05,2.5,-4.2,1945-11-30
"		108",서울,1945-12-01,-1.7,3.4,12.7,1945-12-06,-6.4,-14,1945-12-29
"		108",서울,1946-01-01,-3.2,1.8,10.5,1946-01-23,-8.3,-15.6,1946-01-18
"		108",서울,1946-02-01,-0.7,4.1,10.5,1946-02-28,-5.3,-12.2,1946-02-03
"		108",서울,1946-03-01,2.5,7.6,18.6,1946-03-26,-2.1,-10.7,1946-03-08
"		108",서울,1946-04-01,10.9,17.2,27.3,1946-04-23,5.5,0.2,1946-04-07
"		108",서울,1946-05-01,16,22.7,29.8,1946-05-30,10.7,6.8,1946-05-13
"		108",서울,1946-06-01,20.9,25.8,32.4,1946-06-30,17.3,13.4,1946-06-02
"		108",서울,1946-07-01,25.6,30.8,36.7,1946-07-28,22.3,18.4,1946-07-03
"		108",서울,1946-08-01,25.7,31,35.5,1946-08-19,22.1,18.9,1946-08-28
"		108",서울,1946-09-01,19.9,26.4,30.7,1946-09-08,14.7,9.2,1946-09-22
"		108",서울,1946-10-01,13.8,20.5,29.9,1946-10-01,8.1,0.4,1946-10-29
"		108",서울,1946-11-01,8.8,14.9,22.1,1946-11-05,3.4,-7.3,1946-11-29
"		108",서울,1946-12-01,-4.3,-0.2,8.7,1946-12-02,-9.2,-17,1946-12-29
"		108",서울,1947-01-01,-3.9,0.2,7.1,1947-01-05,-8.4,-15.1,1947-01-28
"		108",서울,1947-02-01,-5.3,-0.5,8.4,1947-02-25,-10,-17.2,1947-02-03
"		108",서울,1947-03-01,1.5,6.3,16,1947-03-19,-3.2,-10.6,1947-03-04
"		108",서울,1947-04-01,10.5,16.6,24.2,1947-04-28,5.1,-1,1947-04-05
"		108",서울,1947-05-01,15.9,22.8,28.2,1947-05-28,10.5,7.2,1947-05-09
"		108",서울,1947-06-01,18.7,24.4,27.5,1947-06-14,14.4,10.3,1947-06-05
"		108",서울,1947-07-01,22.9,27,33.1,1947-07-31,19.6,17,1947-07-28
"		108",서울,1947-08-01,25.1,30,33.5,1947-08-02,21.7,17,1947-08-05
"		108",서울,1947-09-01,19.6,25.2,29.9,1947-09-05,15.2,10.1,1947-09-30
"		108",서울,1947-10-01,11.8,18.3,24.7,1947-10-03,6.3,-1.6,1947-10-30
"		108",서울,1947-11-01,3.5,8.7,17.9,1947-11-07,-1.8,-11.8,1947-11-27
"		108",서울,1947-12-01,-5.4,-1.5,7.1,1947-12-07,-9.5,-17.3,1947-12-19
"		108",서울,1948-01-01,-4.5,0.1,10.5,1948-01-20,-9.2,-18,1948-01-27
"		108",서울,1948-02-01,-1.4,3.5,13.7,1948-02-27,-6.6,-15.8,1948-02-03
"		108",서울,1948-03-01,4.7,9.9,16.8,1948-03-31,-0.1,-6.8,1948-03-05
"		108",서울,1948-04-01,12.5,19.3,25,1948-04-30,7.1,3.9,1948-04-11
"		108",서울,1948-05-01,16,22.7,28.9,1948-05-31,10.5,6.4,1948-05-15
"		108",서울,1948-06-01,20.9,26.6,31.1,1948-06-07,16.2,9.7,1948-06-01
"		108",서울,1948-07-01,24.3,28.9,32.9,1948-07-11,20.7,16.7,1948-07-05
"		108",서울,1948-08-01,25.8,31.4,34.4,1948-08-31,21.9,19,1948-08-24
"		108",서울,1948-09-01,20.2,26.4,33.6,1948-09-01,15.2,10.2,1948-09-24
"		108",서울,1948-10-01,13.3,20.2,26.5,1948-10-02,7.5,-0.8,1948-10-31
"		108",서울,1948-11-01,5.1,11.1,18.2,1948-11-05,-0.4,-8.7,1948-11-28
"		108",서울,1948-12-01,3.8,7.7,12.9,1948-12-18,-0.2,-7.7,1948-12-03
"		108",서울,1949-01-01,-3,0.9,9.4,1949-01-31,-6.5,-14,1949-01-06
"		108",서울,1949-02-01,1.3,6.2,15.5,1949-02-22,-3,-10.1,1949-02-15
"		108",서울,1949-03-01,3.4,8.8,14.4,1949-03-29,-1,-5.4,1949-03-03
"		108",서울,1949-04-01,9.9,16,23.8,1949-04-29,5,0.8,1949-04-06
"		108",서울,1949-05-01,16.4,22.5,30.6,1949-05-11,11.9,6.8,1949-05-14
"		108",서울,1949-06-01,20.5,26.8,36,1949-06-20,16,10.9,1949-06-11
"		108",서울,1949-07-01,24.8,30.4,34.1,1949-07-24,21,17,1949-07-10
"		108",서울,1949-08-01,26.1,32.3,37.7,1949-08-15,22.5,16.9,1949-08-31
"		108",서울,1949-09-01,20.8,26.5,31.3,1949-09-05,16.9,12,1949-09-23
"		108",서울,1949-10-01,13.9,20.2,25.1,1949-10-02,9,-1.7,1949-10-31
"		108",서울,1949-11-01,7,12.6,18.9,1949-11-08,2.1,-7.6,1949-11-18
"		108",서울,1949-12-01,-1.3,3.4,16.4,1949-12-01,-5.7,-14.9,1949-12-29
"		108",서울,1950-01-01,-1.3,2.5,10.1,1950-01-17,-5.2,-18,1950-01-07
"		108",서울,1950-02-01,-0.4,3.5,9.3,1950-02-25,-3.9,-10.5,1950-02-04
"		108",서울,1950-03-01,4.6,10.7,21.9,1950-03-30,-0.6,-9.3,1950-03-12
"		108",서울,1950-04-01,13.1,20.2,27.8,1950-04-29,7.7,1.1,1950-04-08
"		108",서울,1950-05-01,17.5,24.5,34.4,1950-05-30,12.5,7.4,1950-05-21
"		108",서울,1950-06-01,20.8,26.8,32.5,1950-06-15,16.7,11.7,1950-06-04
"		108",서울,1950-07-01,26,30.5,36.1,1950-07-27,22.6,16.5,1950-07-02
"		108",서울,1950-08-01,26.5,32.7,36.9,1950-08-19,22.1,15.2,1950-08-24
"		108",서울,1950-09-01,,,,,,,
"		108",서울,1950-10-01,,,,,,,
"		108",서울,1951-12-01,,,,,,,
"		108",서울,1952-01-01,,,,,,,
"		108",서울,1952-02-01,,,,,,,
"		108",서울,1952-03-01,,,,,,,
"		108",서울,1952-04-01,,,,,,,
"		108",서울,1952-05-01,,,,,,,
"		108",서울,1952-06-01,,,,,,,
"		108",서울,1952-07-01,,,,,,,
"		108",서울,1952-09-01,,,,,,,
"		108",서울,1952-10-01,,,,,,,
"		108",서울,1952-11-01,,,,,,,
"		108",서울,1952-12-01,,,,,,,
"		108",서울,1953-01-01,,,,,,,
"		108",서울,1953-02-01,,,,,,,
"		108",서울,1953-03-01,,,,,,,
"		108",서울,1953-04-01,,,,,,,
"		108",서울,1953-05-01,,,,,,,
"		108",서울,1953-06-01,,,,,,,
"		108",서울,1953-07-01,,,,,,,
"		108",서울,1953-08-01,,,,,,,
"		108",서울,1953-09-01,,,,,,,
"		108",서울,1953-10-01,,,,,,,
"		108",서울,1953-11-01,,,,,,,
"		108",서울,1953-12-01,0.6,4.6,16.2,1953-12-01,-3.5,-9.2,1953-12-31
"		108",서울,1954-01-01,-1.5,2.5,10.7,1954-01-20,-5.5,-11.9,1954-01-26
"		108",서울,1954-02-01,0.4,5.1,12.2,1954-02-24,-4.3,-13.9,1954-02-03
"		108",서울,1954-03-01,3.1,8.6,18.2,1954-03-26,-1.6,-7.8,1954-03-13
"		108",서울,1954-04-01,11.8,18.4,26.8,1954-04-16,6.7,3,1954-04-21
"		108",서울,1954-05-01,16.6,23.1,28.6,1954-05-20,11.7,7.8,1954-05-17
"		108",서울,1954-06-01,19.6,24.6,30.4,1954-06-27,15.7,12.6,1954-06-02
"		108",서울,1954-07-01,21.9,26.2,31.9,1954-07-16,18.9,13.6,1954-07-13
"		108",서울,1954-08-01,25.7,30.3,34.3,1954-08-10,22.7,16.9,1954-08-01
"		108",서울,1954-09-01,20.3,25.3,30,1954-09-04,16.5,10.2,1954-09-27
"		108",서울,1954-10-01,12.5,18.4,25,1954-10-01,7.2,0.8,1954-10-31
"		108",서울,1954-11-01,9.5,14.8,19.1,1954-11-23,4.5,-2.4,1954-11-18
"		108",서울,1954-12-01,-2.7,1.5,10.9,1954-12-07,-6.9,-12.5,1954-12-27
"		108",서울,1955-01-01,-5.6,-1,5.4,1955-01-23,-10.5,-17.2,1955-01-11
"		108",서울,1955-02-01,-0.1,5.2,15.1,1955-02-26,-5.1,-14.3,1955-02-11
"		108",서울,1955-03-01,4.4,9.5,16.2,1955-03-22,-0.2,-4.8,1955-03-10
"		108",서울,1955-04-01,11.1,16.3,25,1955-04-12,6.5,-2.5,1955-04-04
"		108",서울,1955-05-01,15.9,22.4,29,1955-05-10,11.1,8.2,1955-05-13
"		108",서울,1955-06-01,21.4,27.3,33.8,1955-06-22,17.2,11.2,1955-06-02
"		108",서울,1955-07-01,24.5,28.4,32.8,1955-07-26,21.8,17.9,1955-07-04
"		108",서울,1955-08-01,26.2,31.9,35,1955-08-27,22,18.6,1955-08-31
"		108",서울,1955-09-01,20.7,26.2,32.3,1955-09-06,16.3,11,1955-09-25
"		108",서울,1955-10-01,12.6,18.4,27.3,1955-10-01,7.6,1.3,1955-10-08
"		108",서울,1955-11-01,5.9,10.7,18.3,1955-11-14,1.2,-4.1,1955-11-17
"		108",서울,1955-12-01,0.6,4.9,12.9,1955-12-05,-3.3,-9.7,1955-12-22
"		108",서울,1956-01-01,-3.9,0.4,8.7,1956-01-04,-8.5,-15.7,1956-01-09
"		108",서울,1956-02-01,-3.4,1.4,7.2,1956-02-26,-7.9,-13.1,1956-02-17
"		108",서울,1956-03-01,3.7,8,15.8,1956-03-31,-0.3,-8.5,1956-03-12
"		108",서울,1956-04-01,9.5,14.6,21.4,1956-04-22,5.3,1.4,1956-04-02
"		108",서울,1956-05-01,15.1,21.5,26.7,1956-05-04,10.4,6.3,1956-05-02
"		108",서울,1956-06-01,19.7,24.6,31.3,1956-06-02,16,12.4,1956-06-24
"		108",서울,1956-07-01,24.3,28.1,34.7,1956-07-31,21.5,17.5,1956-07-07
"		108",서울,1956-08-01,24.8,29.8,35,1956-08-02,21.1,15.5,1956-08-18
"		108",서울,1956-09-01,20.4,25.5,30.3,1956-09-03,16.1,7.5,1956-09-27
"		108",서울,1956-10-01,12.8,19.2,24.9,1956-10-01,7.2,-1.1,1956-10-20
"		108",서울,1956-11-01,3.2,8.4,20.6,1956-11-02,-1.6,-8.8,1956-11-28
"		108",서울,1956-12-01,-5.2,-1.1,8.9,1956-12-03,-9.6,-15.1,1956-12-23
"		108",서울,1957-01-01,-3.5,0.5,6.6,1957-01-01,-7.6,-14.5,1957-01-22
"		108",서울,1957-02-01,-4.3,-0.2,6.2,1957-02-05,-8.5,-17.3,1957-02-11
"		108",서울,1957-03-01,0,4.7,13.8,1957-03-29,-3.8,-9.5,1957-03-13
"		108",서울,1957-04-01,10.4,16.6,26.3,1957-04-29,5.4,-2.7,1957-04-01
"		108",서울,1957-05-01,16.9,23.6,29.8,1957-05-23,11.8,8,1957-05-13
"		108",서울,1957-06-01,20.1,26,32.5,1957-06-30,16,11.8,1957-06-08
"		108",서울,1957-07-01,22.4,26.3,31,1957-07-24,19.9,17.8,1957-07-10
"		108",서울,1957-08-01,24.1,28.9,33.5,1957-08-11,20.8,16,1957-08-31
"		108",서울,1957-09-01,18.9,25.7,29,1957-09-03,13.4,6.6,1957-09-27
"		108",서울,1957-10-01,12.5,18.6,27.2,1957-10-05,7.2,-0.4,1957-10-19
"		108",서울,1957-11-01,8.3,13.7,17.5,1957-11-09,3.3,-5.8,1957-11-29
"		108",서울,1957-12-01,-0.5,3.4,9.6,1957-12-11,-4.2,-10.6,1957-12-31
"		108",서울,1958-01-01,-6,-1.9,8.6,1958-01-08,-10.6,-18.2,1958-01-16
"		108",서울,1958-02-01,-0.8,3.6,14.1,1958-02-22,-4.7,-12.4,1958-02-01
"		108",서울,1958-03-01,3.7,9.1,21.5,1958-03-24,-1,-11.2,1958-03-03
"		108",서울,1958-04-01,10.8,16.2,27.3,1958-04-23,6.2,1.3,1958-04-01
"		108",서울,1958-05-01,16.3,22.9,29.9,1958-05-29,11.2,7.3,1958-05-02
"		108",서울,1958-06-01,22.2,29,37.2,1958-06-24,17.6,13.2,1958-06-04
"		108",서울,1958-07-01,25.6,30.5,34.4,1958-07-22,22.5,19.4,1958-07-02
"		108",서울,1958-08-01,23.8,28.4,33.2,1958-08-08,20.5,16.2,1958-08-21
"		108",서울,1958-09-01,19.8,25,28.8,1958-09-01,15.8,6.6,1958-09-29
"		108",서울,1958-10-01,12.7,18.4,25,1958-10-12,8,-1.8,1958-10-27
"		108",서울,1958-11-01,6.7,11.3,18.9,1958-11-02,2.5,-3.3,1958-11-20
"		108",서울,1958-12-01,4,8.3,12.1,1958-12-23,0,-3.2,1958-12-06
"		108",서울,1959-01-01,-5.1,-0.7,9.8,1959-01-24,-9.5,-19.8,1959-01-05
"		108",서울,1959-02-01,2.4,6.7,13.7,1959-02-05,-1.3,-8,1959-02-11
"		108",서울,1959-03-01,6,10.8,18.2,1959-03-27,1.8,-5,1959-03-13
"		108",서울,1959-04-01,10.2,15.8,24.2,1959-04-20,5.6,2,1959-04-14
"		108",서울,1959-05-01,17.9,23.9,27.6,1959-05-27,13.1,9.6,1959-05-01
"		108",서울,1959-06-01,20.4,25.6,31.8,1959-06-17,16.6,11.8,1959-06-01
"		108",서울,1959-07-01,24.4,28.7,33.6,1959-07-28,21.2,18.7,1959-07-19
"		108",서울,1959-08-01,25.8,31.1,36.2,1959-08-03,22.2,18.8,1959-08-14
"		108",서울,1959-09-01,20.8,25.6,30.2,1959-09-14,16.9,12.4,1959-09-27
"		108",서울,1959-10-01,14.8,20.9,27.3,1959-10-06,9.6,1.9,1959-10-30
"		108",서울,1959-11-01,5.8,10.6,19.5,1959-11-04,1,-5.5,1959-11-22
"		108",서울,1959-12-01,1.1,4.8,14.3,1959-12-10,-2.8,-12.9,1959-12-18
"		108",서울,1960-01-01,-3.3,0.6,10.8,1960-01-04,-7.6,-17,1960-01-24
"		108",서울,1960-02-01,1.7,6.4,13.7,1960-02-08,-2.7,-8.6,1960-02-12
"		108",서울,1960-03-01,6.7,12,18.1,1960-03-09,1.9,-5.8,1960-03-13
"		108",서울,1960-04-01,10.6,16.7,25.3,1960-04-23,5.5,-0.9,1960-04-02
"		108",서울,1960-05-01,16.5,21.9,30.2,1960-05-25,11.9,6.4,1960-05-02
"		108",서울,1960-06-01,20.6,25.4,31.7,1960-06-24,16.7,12.7,1960-06-04
"		108",서울,1960-07-01,24.8,28.9,32.4,1960-07-22,21.9,18.6,1960-07-08
"		108",서울,1960-08-01,26.2,31.2,34.4,1960-08-05,22.5,17.7,1960-08-30
"		108",서울,1960-09-01,20.8,25.4,31.3,1960-09-01,16.9,12.3,1960-09-16
"		108",서울,1960-10-01,15.1,21.1,25.7,1960-10-12,9.9,5.4,1960-10-18
"		108",서울,1960-11-01,7.1,11.7,18,1960-11-08,2.3,-11.2,1960-11-27
"		108",서울,1960-12-01,-1.8,2.3,11.6,1960-12-11,-6.2,-16,1960-12-30
"		108",서울,1961-01-01,-5.2,-1.2,5.2,1961-01-21,-9.6,-16.5,1961-01-05
"		108",서울,1961-02-01,-0.9,3.8,12.7,1961-02-28,-5.3,-14.2,1961-02-01
"		108",서울,1961-03-01,5.4,11,17,1961-03-25,0.7,-4.9,1961-03-08
"		108",서울,1961-04-01,11.7,17.4,25,1961-04-20,6.5,0.7,1961-04-10
"		108",서울,1961-05-01,17.3,22.9,30.1,1961-05-26,11.8,4.2,1961-05-02
"		108",서울,1961-06-01,21.9,26.7,31.2,1961-06-30,17.6,13.5,1961-06-17
"		108",서울,1961-07-01,26.2,30.1,34.4,1961-07-31,23.3,21.4,1961-07-02
"		108",서울,1961-08-01,26.8,31,35.3,1961-08-01,23.5,20.8,1961-08-30
"		108",서울,1961-09-01,21.5,26.2,31.7,1961-09-04,17.1,10.4,1961-09-18
"		108",서울,1961-10-01,15.6,20.8,25.8,1961-10-03,10.8,3.3,1961-10-31
"		108",서울,1961-11-01,8.9,13.6,20.4,1961-11-01,4.7,-3.5,1961-11-24
"		108",서울,1961-12-01,-0.6,3.5,13,1961-12-12,-4.5,-12.5,1961-12-14
"		108",서울,1962-01-01,-3.4,0.9,7.9,1962-01-09,-7.3,-11.3,1962-01-27
"		108",서울,1962-02-01,-0.7,4.2,12.5,1962-02-10,-4.8,-10.9,1962-02-13
"		108",서울,1962-03-01,3.2,7.9,18.2,1962-03-14,-1,-6,1962-03-17
"		108",서울,1962-04-01,10,15.1,23.8,1962-04-22,4.9,-3.8,1962-04-04
"		108",서울,1962-05-01,17.6,23.8,30.7,1962-05-31,11.5,7.3,1962-05-17
"		108",서울,1962-06-01,21.1,26.4,32.4,1962-06-17,16.3,11.2,1962-06-06
"		108",서울,1962-07-01,26.1,30.5,35,1962-07-25,22.2,17.2,1962-07-01
"		108",서울,1962-08-01,25.1,29.2,33.1,1962-08-12,22.4,19.7,1962-08-30
"		108",서울,1962-09-01,20.3,24.7,29.8,1962-09-07,16.3,8.5,1962-09-30
"		108",서울,1962-10-01,13.6,18.9,25.6,1962-10-09,8,1.5,1962-10-15
"		108",서울,1962-11-01,6.4,10.5,20.8,1962-11-01,2.2,-7.7,1962-11-24
"		108",서울,1962-12-01,1.1,5.5,12.5,1962-12-27,-3,-11.5,1962-12-31
"		108",서울,1963-01-01,-9.1,-4.8,1.6,1963-01-17,-13,-18.4,1963-01-23
"		108",서울,1963-02-01,-2.4,2.4,8.2,1963-02-23,-6.5,-12.6,1963-02-01
"		108",서울,1963-03-01,5.5,11.4,19.2,1963-03-31,0.6,-3.2,1963-03-06
"		108",서울,1963-04-01,11.4,15.7,22.8,1963-04-20,7.3,0.6,1963-04-10
"		108",서울,1963-05-01,16.9,21.8,29.4,1963-05-09,12.7,7.8,1963-05-03
"		108",서울,1963-06-01,21.2,26,30.1,1963-06-13,17.2,11.9,1963-06-04
"		108",서울,1963-07-01,24.5,28,33.1,1963-07-19,21.8,18.8,1963-07-08
"		108",서울,1963-08-01,25.7,30.1,33.7,1963-08-09,22.5,19.2,1963-08-31
"		108",서울,1963-09-01,20.5,25.5,30.2,1963-09-10,16.2,10.4,1963-09-27
"		108",서울,1963-10-01,13.5,19.5,24.4,1963-10-03,8,2,1963-10-19
"		108",서울,1963-11-01,6.5,11.3,20.5,1963-11-05,2.2,-7.2,1963-11-29
"		108",서울,1963-12-01,0.8,5.1,12.2,1963-12-23,-3.1,-13.2,1963-12-27
"		108",서울,1964-01-01,-0.1,3.8,10,1964-01-12,-3.5,-8.2,1964-01-04
"		108",서울,1964-02-01,-3.5,0.4,6.5,1964-02-29,-7,-16.2,1964-02-13
"		108",서울,1964-03-01,3.8,8.5,17.7,1964-03-30,0.1,-3.4,1964-03-15
"		108",서울,1964-04-01,14.1,18.6,25.4,1964-04-24,10.1,0.7,1964-04-08
"		108",서울,1964-05-01,18.6,24.2,29.2,1964-05-16,13.7,8.7,1964-05-02
"		108",서울,1964-06-01,21.6,26.5,33.4,1964-06-28,17.6,13.8,1964-06-04
"		108",서울,1964-07-01,24.7,28.3,33.6,1964-07-28,22,19,1964-07-25
"		108",서울,1964-08-01,26.3,30.4,34.5,1964-08-01,23.3,19.2,1964-08-31
"		108",서울,1964-09-01,20.3,24.6,30,1964-09-07,16.6,11,1964-09-29
"		108",서울,1964-10-01,13.8,19.2,25.9,1964-10-01,9.3,1.1,1964-10-25
"		108",서울,1964-11-01,6.3,11,15.6,1964-11-10,2.1,-6,1964-11-30
"		108",서울,1964-12-01,0.2,4.7,12.2,1964-12-22,-3.6,-10.6,1964-12-12
"		108",서울,1965-01-01,-4.2,-0.1,7.4,1965-01-30,-7.9,-18.1,1965-01-12
"		108",서울,1965-02-01,-1.2,3.2,10.4,1965-02-19,-5.2,-13.6,1965-02-03
"		108",서울,1965-03-01,2.7,7.8,15.3,1965-03-17,-1.7,-7.4,1965-03-05
"		108",서울,1965-04-01,10.3,15.8,27,1965-04-25,5.5,-1.3,1965-04-02
"		108",서울,1965-05-01,17.3,23.4,31,1965-05-29,12.4,7.5,1965-05-02
"		108",서울,1965-06-01,22.1,28.7,34.6,1965-06-25,17.2,13.8,1965-06-09
"		108",서울,1965-07-01,24.1,28.3,35.2,1965-07-02,20.8,18.4,1965-07-16
"		108",서울,1965-08-01,24.4,28.4,31,1965-08-01,21.4,19,1965-08-08
"		108",서울,1965-09-01,20.9,26.7,31,1965-09-21,15.8,10,1965-09-28
"		108",서울,1965-10-01,14.8,20.9,29.2,1965-10-02,9.7,4.2,1965-10-18
"		108",서울,1965-11-01,7,11.3,20.8,1965-11-06,2.7,-5.8,1965-11-30
"		108",서울,1965-12-01,-2,2.4,12.6,1965-12-11,-6.2,-18.2,1965-12-17
"		108",서울,1966-01-01,-4.6,0.1,8.8,1966-01-16,-9,-18,1966-01-20
"		108",서울,1966-02-01,0.1,4.8,11.8,1966-02-02,-4.4,-13.6,1966-02-23
"		108",서울,1966-03-01,4.8,9.2,14,1966-03-12,1.3,-3.4,1966-03-20
"		108",서울,1966-04-01,11.8,17.6,26.4,1966-04-24,7,0.2,1966-04-05
"		108",서울,1966-05-01,18.3,24.1,31.6,1966-05-25,12.9,6.6,1966-05-04
"		108",서울,1966-06-01,20.5,25.4,29.8,1966-06-16,16.4,9.7,1966-06-05
"		108",서울,1966-07-01,23.6,26.9,31.4,1966-07-27,21.2,15.2,1966-07-03
"		108",서울,1966-08-01,26.7,31.2,34.7,1966-08-08,23.3,18,1966-08-21
"		108",서울,1966-09-01,19.7,24.7,28.4,1966-09-01,15.5,10.4,1966-09-15
"		108",서울,1966-10-01,14.4,19.5,26,1966-10-10,10.2,0.4,1966-10-29
"		108",서울,1966-11-01,5.9,10.7,20.6,1966-11-12,1.4,-10.7,1966-11-30
"		108",서울,1966-12-01,-3,1.3,10.6,1966-12-04,-6.7,-15.2,1966-12-27
"		108",서울,1967-01-01,-4.4,0.3,10.1,1967-01-27,-8.5,-18.4,1967-01-16
"		108",서울,1967-02-01,-2.4,1.4,13.3,1967-02-22,-5.7,-12,1967-02-12
"		108",서울,1967-03-01,4.8,9.7,15.9,1967-03-29,0.8,-6.1,1967-03-06
"		108",서울,1967-04-01,11.8,17.3,25.2,1967-04-29,7.3,1.1,1967-04-05
"		108",서울,1967-05-01,19.3,25.7,29.1,1967-05-20,14.2,9.4,1967-05-04
"		108",서울,1967-06-01,21.3,26.3,29.7,1967-06-16,17.5,13.6,1967-06-02
"		108",서울,1967-07-01,25.5,29.6,35,1967-07-26,22.5,17.6,1967-07-05
"		108",서울,1967-08-01,26.7,30.5,33.6,1967-08-09,24.1,21.5,1967-08-19
"		108",서울,1967-09-01,20.7,26,31.4,1967-09-01,16.3,11.4,1967-09-13
"		108",서울,1967-10-01,14.5,20.4,23.7,1967-10-08,9.2,4.8,1967-10-18
"		108",서울,1967-11-01,6.5,11.4,19.2,1967-11-07,2.6,-5.2,1967-11-13
"		108",서울,1967-12-01,-4.9,-1.1,6.4,1967-12-18,-8.2,-17.4,1967-12-30
"		108",서울,1968-01-01,-4,0.1,8.2,1968-01-06,-7.7,-15.1,1968-01-15
"		108",서울,1968-02-01,-4.4,0.7,12,1968-02-28,-8.4,-13.8,1968-02-01
"		108",서울,1968-03-01,4.4,9.6,16.8,1968-03-20,0.3,-6,1968-03-01
"		108",서울,1968-04-01,12.6,18.8,23.9,1968-04-30,7.1,3.1,1968-04-13
"		108",서울,1968-05-01,17.2,22.8,28.2,1968-05-15,12.5,9.6,1968-05-14
"		108",서울,1968-06-01,21,26.7,31.9,1968-06-25,16.4,10.6,1968-06-10
"		108",서울,1968-07-01,24.7,28.5,34.2,1968-07-27,21.9,18.3,1968-07-04
"		108",서울,1968-08-01,24.9,29.5,34,1968-08-03,21.3,15.5,1968-08-31
"		108",서울,1968-09-01,20.9,26.4,31.4,1968-09-18,16.3,8.7,1968-09-30
"		108",서울,1968-10-01,13,18.5,27.4,1968-10-04,8.4,3.3,1968-10-29
"		108",서울,1968-11-01,7.6,12.7,20.6,1968-11-03,3.5,-6.7,1968-11-10
"		108",서울,1968-12-01,3.1,7.2,17.7,1968-12-09,0.1,-11,1968-12-31
"		108",서울,1969-01-01,-3.5,0.4,10.7,1969-01-19,-6.7,-15.2,1969-01-03
"		108",서울,1969-02-01,-2.7,0.9,10.7,1969-02-12,-6.1,-15.9,1969-02-05
"		108",서울,1969-03-01,2.9,7.7,20.4,1969-03-27,-0.8,-8.1,1969-03-01
"		108",서울,1969-04-01,10.6,16,23.3,1969-04-22,6.2,-0.2,1969-04-04
"		108",서울,1969-05-01,16.4,21.7,26.4,1969-05-14,12,6.2,1969-05-07
"		108",서울,1969-06-01,20,25.5,32.3,1969-06-25,15.6,11.9,1969-06-08
"		108",서울,1969-07-01,24,27.7,32.3,1969-07-04,21.1,16,1969-07-09
"		108",서울,1969-08-01,24.8,28.9,32.9,1969-08-17,21.7,18.5,1969-08-27
"		108",서울,1969-09-01,20.8,25.2,30,1969-09-02,17.3,12.9,1969-09-28
"		108",서울,1969-10-01,13.9,19.5,24.4,1969-10-21,8.7,3.2,1969-10-10
"		108",서울,1969-11-01,5,9.4,17.8,1969-11-13,1.2,-5.6,1969-11-25
"		108",서울,1969-12-01,-2,2.2,13.6,1969-12-06,-6,-14.9,1969-12-27
"		108",서울,1970-01-01,-4.8,0,8.9,1970-01-28,-8.8,-20.2,1970-01-05
"		108",서울,1970-02-01,-0.2,4.7,12,1970-02-19,-3.9,-10.8,1970-02-10
"		108",서울,1970-03-01,0.4,4.8,16,1970-03-29,-3.2,-7.3,1970-03-01
"		108",서울,1970-04-01,12.2,18.3,26,1970-04-30,7.1,0.8,1970-04-08
"		108",서울,1970-05-01,18.7,24.6,29.8,1970-05-24,13.8,10,1970-05-13
"		108",서울,1970-06-01,20.5,25.1,30,1970-06-07,16.9,13.4,1970-06-17
"		108",서울,1970-07-01,23,26.5,32.2,1970-07-21,20.5,15.2,1970-07-09
"		108",서울,1970-08-01,25.9,29.9,35,1970-08-12,22.9,20.1,1970-08-19
"		108",서울,1970-09-01,21.2,26,31.2,1970-09-07,17.5,7.9,1970-09-30
"		108",서울,1970-10-01,14.9,20.4,25.6,1970-10-07,10.2,0.5,1970-10-30
"		108",서울,1970-11-01,5.7,10.4,18.2,1970-11-09,1.4,-11.9,1970-11-30
"		108",서울,1970-12-01,-1,2.9,11.6,1970-12-17,-4.6,-11.2,1970-12-27
"		108",서울,1971-01-01,-2.4,1.7,9.2,1971-01-18,-5.7,-16.1,1971-01-05
"		108",서울,1971-02-01,-0.7,3.5,13.2,1971-02-22,-4.2,-12.4,1971-02-01
"		108",서울,1971-03-01,2,6.6,20.2,1971-03-28,-1.5,-11.6,1971-03-07
"		108",서울,1971-04-01,11.2,17,24.1,1971-04-27,6.5,0.6,1971-04-04
"		108",서울,1971-05-01,16.6,22.1,31.2,1971-05-23,12,7,1971-05-04
"		108",서울,1971-06-01,21.6,26,30.4,1971-06-08,18.2,13,1971-06-04
"		108",서울,1971-07-01,23.9,27.3,32,1971-07-31,21.3,18.6,1971-07-08
"		108",서울,1971-08-01,24.6,28.6,33.2,1971-08-03,21.5,15.9,1971-08-19
"		108",서울,1971-09-01,20.6,25.2,29.6,1971-09-06,16.8,9.7,1971-09-28
"		108",서울,1971-10-01,13,18.7,24.1,1971-10-09,8,2.5,1971-10-12
"		108",서울,1971-11-01,8.7,13.4,21.3,1971-11-02,4.8,-8.8,1971-11-29
"		108",서울,1971-12-01,-1.2,2.8,11.5,1971-12-02,-4.7,-10,1971-12-22
"		108",서울,1972-01-01,0.8,4.5,13,1972-01-11,-2.1,-9.1,1972-01-27
"		108",서울,1972-02-01,-0.6,3,8.4,1972-02-10,-3.5,-9.6,1972-02-20
"		108",서울,1972-03-01,5.3,10.3,18,1972-03-28,1.4,-7.7,1972-03-01
"		108",서울,1972-04-01,11.5,16.7,23.5,1972-04-24,6.9,-4.3,1972-04-01
"		108",서울,1972-05-01,16.4,21.3,26.2,1972-05-23,11.7,6.4,1972-05-15
"		108",서울,1972-06-01,21.7,27.4,30.7,1972-06-06,17.2,13.7,1972-06-13
"		108",서울,1972-07-01,25.7,30,35.6,1972-07-20,22.1,17.5,1972-07-01
"		108",서울,1972-08-01,23.1,27.1,32.1,1972-08-17,19.7,15.8,1972-08-30
"		108",서울,1972-09-01,19,24,27.2,1972-09-12,14.8,9.5,1972-09-30
"		108",서울,1972-10-01,13.8,19.2,26,1972-10-09,9.1,0.5,1972-10-31
"		108",서울,1972-11-01,5.2,9.3,18.7,1972-11-04,1.6,-8.1,1972-11-28
"		108",서울,1972-12-01,0.6,4.7,12,1972-12-05,-2.9,-12,1972-12-13
"		108",서울,1973-01-01,0.4,4.2,11.3,1973-01-22,-2.5,-11.3,1973-01-03
"		108",서울,1973-02-01,0.6,5.2,14.4,1973-02-16,-3.2,-9.4,1973-02-25
"		108",서울,1973-03-01,4.5,10,20.8,1973-03-30,0.4,-5.3,1973-03-02
"		108",서울,1973-04-01,12.4,17.6,27.7,1973-04-30,8,0.9,1973-04-05
"		108",서울,1973-05-01,17.4,22.9,27.8,1973-05-14,12.8,9.5,1973-05-10
"		108",서울,1973-06-01,21.4,26.1,30.8,1973-06-10,17.8,12.9,1973-06-03
"		108",서울,1973-07-01,26.8,31.2,34.5,1973-07-18,23.6,19.7,1973-07-02
"		108",서울,1973-08-01,25.9,29.8,35.2,1973-08-16,23,21.2,1973-08-31
"		108",서울,1973-09-01,20.3,25,28.6,1973-09-07,16.5,8.3,1973-09-27
"		108",서울,1973-10-01,13,18.2,24.9,1973-10-11,8.6,2.2,1973-10-26
"		108",서울,1973-11-01,4.7,9.3,16.9,1973-11-01,0.8,-7.1,1973-11-20
"		108",서울,1973-12-01,-3,1.7,10.8,1973-12-02,-7,-17.4,1973-12-24
"		108",서울,1974-01-01,-2.4,2.5,9.3,1974-01-02,-6.3,-15.5,1974-01-24
"		108",서울,1974-02-01,-2.1,1.9,9.9,1974-02-18,-5.5,-14,1974-02-26
"		108",서울,1974-03-01,3.7,8.9,19.5,1974-03-30,-0.1,-8,1974-03-12
"		108",서울,1974-04-01,10.7,15.8,23.1,1974-04-06,6.2,0.8,1974-04-02
"		108",서울,1974-05-01,16.7,22.1,29.3,1974-05-17,12.1,7,1974-05-01
"		108",서울,1974-06-01,19.7,25.1,31.1,1974-06-26,15.5,9.7,1974-06-05
"		108",서울,1974-07-01,23.5,27.2,30.7,1974-07-22,20.9,18.2,1974-07-01
"		108",서울,1974-08-01,25.1,29.4,33.9,1974-08-19,21.8,15.7,1974-08-25
"		108",서울,1974-09-01,20.6,25.8,29.9,1974-09-01,16.5,11.2,1974-09-19
"		108",서울,1974-10-01,12.6,17.9,23.2,1974-10-06,7.8,0,1974-10-31
"		108",서울,1974-11-01,5.4,10.5,20.3,1974-11-06,1.3,-4.8,1974-11-13
"		108",서울,1974-12-01,-0.5,3.7,10.3,1974-12-01,-4.1,-10.2,1974-12-04
"		108",서울,1975-01-01,-2.7,1.8,7,1975-01-07,-6.3,-11.8,1975-01-18
"		108",서울,1975-02-01,-0.8,4,10.6,1975-02-03,-4.5,-9.7,1975-02-08
"		108",서울,1975-03-01,4.4,9.7,15.8,1975-03-18,0.5,-5,1975-03-01
"		108",서울,1975-04-01,13.3,19.3,29,1975-04-30,8.4,1.2,1975-04-03
"		108",서울,1975-05-01,16.7,22.2,27.7,1975-05-01,12.3,7.8,1975-05-07
"		108",서울,1975-06-01,21.4,26.7,32.4,1975-06-20,17.5,13.2,1975-06-01
"		108",서울,1975-07-01,24.9,28.8,33.4,1975-07-30,22,18.4,1975-07-12
"		108",서울,1975-08-01,27,31.9,35.3,1975-08-18,23.4,20.4,1975-08-11
"		108",서울,1975-09-01,22.6,27.1,31.5,1975-09-05,19,13.6,1975-09-24
"		108",서울,1975-10-01,15.4,20.6,25.6,1975-10-06,11.2,5.4,1975-10-30
"		108",서울,1975-11-01,9,13.8,20.7,1975-11-05,5.2,-6.4,1975-11-23
"		108",서울,1975-12-01,-1.6,2.8,14.8,1975-12-04,-5,-10.8,1975-12-24
"		108",서울,1976-01-01,-3.8,0.7,8.5,1976-01-01,-7.8,-16.3,1976-01-20
"		108",서울,1976-02-01,2.8,7.1,14.5,1976-02-14,-0.7,-6.4,1976-02-06
"		108",서울,1976-03-01,4.8,10.1,15.2,1976-03-27,1,-6.6,1976-03-19
"		108",서울,1976-04-01,11.3,17,25,1976-04-21,6.7,0.1,1976-04-02
"		108",서울,1976-05-01,16.7,22.7,32.2,1976-05-27,11.5,5.5,1976-05-04
"		108",서울,1976-06-01,21.3,26.9,34.8,1976-06-28,17.2,13.7,1976-06-03
"		108",서울,1976-07-01,23.1,27.7,33.5,1976-07-25,19.7,12.9,1976-07-03
"		108",서울,1976-08-01,23.7,27.6,32,1976-08-18,20.9,16.4,1976-08-25
"		108",서울,1976-09-01,19.9,25.3,30.2,1976-09-03,15.4,11,1976-09-22
"		108",서울,1976-10-01,13.7,19,25.1,1976-10-09,9.2,-1.5,1976-10-31
"		108",서울,1976-11-01,3.5,8,19.4,1976-11-09,-0.4,-6.3,1976-11-29
"		108",서울,1976-12-01,0.4,4.6,12.2,1976-12-03,-3.4,-18.5,1976-12-27
"		108",서울,1977-01-01,-6.7,-2.5,4.2,1977-01-25,-10.1,-15.8,1977-01-29
"		108",서울,1977-02-01,-2.4,2.6,15,1977-02-25,-6.6,-16.8,1977-02-16
"		108",서울,1977-03-01,5.4,11.1,22,1977-03-17,0.7,-11.5,1977-03-04
"		108",서울,1977-04-01,12.5,18.2,26.7,1977-04-23,7.3,2.4,1977-04-02
"		108",서울,1977-05-01,17.4,23,29.3,1977-05-20,12.4,6.8,1977-05-03
"		108",서울,1977-06-01,22.5,27.9,34.6,1977-06-27,17.9,13.7,1977-06-03
"		108",서울,1977-07-01,26,30.1,35,1977-07-29,22.9,18.3,1977-07-12
"		108",서울,1977-08-01,24.6,29.3,33.3,1977-08-01,20.6,17.1,1977-08-14
"		108",서울,1977-09-01,21.5,26.7,31.1,1977-09-04,17.4,8.8,1977-09-22
"		108",서울,1977-10-01,16.7,22.7,28.8,1977-10-04,11.7,5.6,1977-10-16
"		108",서울,1977-11-01,7.6,11.8,20.2,1977-11-04,3.8,-4.3,1977-11-28
"		108",서울,1977-12-01,2.4,6.3,13.7,1977-12-15,-0.9,-9.4,1977-12-26
"		108",서울,1978-01-01,-2.4,1.7,7.4,1978-01-06,-6,-13.3,1978-01-31
"		108",서울,1978-02-01,-2.5,2,11,1978-02-27,-6.2,-16,1978-02-01
"		108",서울,1978-03-01,4.2,9.2,17.4,1978-03-07,-0.2,-8.2,1978-03-01
"		108",서울,1978-04-01,11.5,17.2,25,1978-04-14,6.6,0.4,1978-04-03
"		108",서울,1978-05-01,18.5,25.1,29.8,1978-05-28,12.9,7.2,1978-05-02
"		108",서울,1978-06-01,21.9,26.9,30.7,1978-06-24,18.2,12.5,1978-06-01
"		108",서울,1978-07-01,26.4,30.1,36.1,1978-07-28,23.3,18.2,1978-07-12
"		108",서울,1978-08-01,25.8,29.8,34.4,1978-08-01,23.1,19.2,1978-08-21
"		108",서울,1978-09-01,20.9,25.8,30.6,1978-09-06,17.1,13.4,1978-09-20
"		108",서울,1978-10-01,14.5,20.1,29.2,1978-10-01,10,4.2,1978-10-12
"		108",서울,1978-11-01,7.9,12.7,18.2,1978-11-07,4.1,-5,1978-11-29
"		108",서울,1978-12-01,1.6,5.6,14.6,1978-12-08,-1.6,-10.7,1978-12-30
"		108",서울,1979-01-01,0.9,5.1,13.4,1979-01-09,-2.8,-10.9,1979-01-14
"		108",서울,1979-02-01,0.6,5,17.4,1979-02-21,-2.8,-13,1979-02-02
"		108",서울,1979-03-01,6,11.3,18.4,1979-03-28,2,-4.1,1979-03-01
"		108",서울,1979-04-01,11.2,16.2,23.8,1979-04-12,6.8,0.4,1979-04-04
"		108",서울,1979-05-01,16.5,22.2,29.1,1979-05-30,11.6,8,1979-05-03
"		108",서울,1979-06-01,21.4,25.4,28.9,1979-06-30,18.2,14.4,1979-06-11
"		108",서울,1979-07-01,24.3,28.5,32.2,1979-07-27,21.3,17.5,1979-07-18
"		108",서울,1979-08-01,25.4,29.5,32.6,1979-08-13,22,16.2,1979-08-28
"		108",서울,1979-09-01,20.1,25,29.7,1979-09-05,15.9,8.9,1979-09-27
"		108",서울,1979-10-01,15.9,21.9,26.3,1979-10-17,10.7,2.9,1979-10-22
"		108",서울,1979-11-01,5.7,10.5,23.5,1979-11-03,1.6,-11.1,1979-11-14
"		108",서울,1979-12-01,1.4,5.3,11.7,1979-12-19,-1.8,-10.7,1979-12-25
"		108",서울,1980-01-01,-3.7,0.5,8.9,1980-01-28,-7.3,-15.9,1980-01-17
"		108",서울,1980-02-01,-3.1,1.8,12,1980-02-29,-7,-14.5,1980-02-07
"		108",서울,1980-03-01,5.2,10.8,18.1,1980-03-29,1,-2.6,1980-03-11
"		108",서울,1980-04-01,10.1,15.3,21,1980-04-04,5.7,1.4,1980-04-02
"		108",서울,1980-05-01,16.5,22.1,31.7,1980-05-31,11.6,7.5,1980-05-17
"		108",서울,1980-06-01,21.6,26.5,31.6,1980-06-14,17.5,12.1,1980-06-02
"		108",서울,1980-07-01,22.7,26.7,30.3,1980-07-09,19.9,16.9,1980-07-01
"		108",서울,1980-08-01,22.8,26.7,30.6,1980-08-01,19.9,17.2,1980-08-08
"		108",서울,1980-09-01,19.6,24.9,29,1980-09-01,15.2,8.1,1980-09-23
"		108",서울,1980-10-01,13,18.7,25.6,1980-10-04,8.2,0,1980-10-26
"		108",서울,1980-11-01,8.6,13.5,19.8,1980-11-19,4.3,-1.7,1980-11-14
"		108",서울,1980-12-01,-3.8,0.3,12,1980-12-01,-7.4,-16.2,1980-12-29
"		108",서울,1981-01-01,-7,-2.6,1.3,1981-01-31,-10.7,-16.5,1981-01-04
"		108",서울,1981-02-01,-1.4,2.7,11.7,1981-02-14,-5,-15.6,1981-02-26
"		108",서울,1981-03-01,5.7,11.5,21.7,1981-03-13,1,-5.1,1981-03-06
"		108",서울,1981-04-01,11.9,17.8,25.3,1981-04-28,7,1.7,1981-04-03
"		108",서울,1981-05-01,15.9,20.9,28.5,1981-05-27,11.6,5.4,1981-05-04
"		108",서울,1981-06-01,21.8,26.8,30.7,1981-06-16,17.5,8.8,1981-06-01
"		108",서울,1981-07-01,25.4,29.3,35.2,1981-07-31,22.5,19.2,1981-07-10
"		108",서울,1981-08-01,24.5,28.7,33,1981-08-14,21.1,17.2,1981-08-31
"		108",서울,1981-09-01,20,25,29,1981-09-23,15.8,11.6,1981-09-14
"		108",서울,1981-10-01,13.4,18.1,23.3,1981-10-01,9,0.6,1981-10-23
"		108",서울,1981-11-01,3.6,7.5,13.6,1981-11-01,-0.1,-7,1981-11-08
"		108",서울,1981-12-01,0.1,4.1,10.2,1981-12-26,-3.7,-11,1981-12-02
"		108",서울,1982-01-01,-3.5,0.8,6.8,1982-01-11,-7.1,-14.1,1982-01-29
"		108",서울,1982-02-01,0.6,5.5,12.3,1982-02-23,-3.4,-11.8,1982-02-07
"		108",서울,1982-03-01,5.9,10.9,17,1982-03-13,1.7,-5.3,1982-03-07
"		108",서울,1982-04-01,12.3,18.1,27.5,1982-04-25,7.5,3.1,1982-04-10
"		108",서울,1982-05-01,17.9,22.9,28.9,1982-05-30,13.7,8,1982-05-05
"		108",서울,1982-06-01,21.9,27.3,30.6,1982-06-05,17.4,11.7,1982-06-03
"		108",서울,1982-07-01,25.1,30.1,33.7,1982-07-14,21.3,18.3,1982-07-01
"		108",서울,1982-08-01,25.4,29.2,35.5,1982-08-11,22.4,18.3,1982-08-31
"		108",서울,1982-09-01,20.8,26.3,30.9,1982-09-01,15.5,9.9,1982-09-27
"		108",서울,1982-10-01,15.8,21.8,28.2,1982-10-08,10.8,-1.1,1982-10-25
"		108",서울,1982-11-01,7.9,12.5,21.4,1982-11-07,3.8,-7.1,1982-11-25
"		108",서울,1982-12-01,-0.1,3.7,10.6,1982-12-21,-3.5,-9.8,1982-12-06
"		108",서울,1983-01-01,-1.7,2.6,9.2,1983-01-06,-5.4,-13.9,1983-01-09
"		108",서울,1983-02-01,-1.7,2.4,10.3,1983-02-28,-5.6,-13.3,1983-02-12
"		108",서울,1983-03-01,6.4,11.3,18.9,1983-03-30,2,-3.6,1983-03-14
"		108",서울,1983-04-01,13.6,19,26.7,1983-04-10,8.4,0.8,1983-04-03
"		108",서울,1983-05-01,18.5,23.7,29.9,1983-05-30,13.3,7.3,1983-05-02
"		108",서울,1983-06-01,22.2,27.9,32.6,1983-06-19,17.4,13.4,1983-06-07
"		108",서울,1983-07-01,23.6,26.8,30.9,1983-07-31,21,18.4,1983-07-06
"		108",서울,1983-08-01,26,30,34.3,1983-08-05,22.9,17.8,1983-08-24
"		108",서울,1983-09-01,22,26.1,31.5,1983-09-01,18.5,11.9,1983-09-30
"		108",서울,1983-10-01,14.2,18.7,23.7,1983-10-01,10.1,2,1983-10-25
"		108",서울,1983-11-01,6.7,11.2,18.5,1983-11-02,2.5,-6,1983-11-17
"		108",서울,1983-12-01,-1.1,2.9,11.7,1983-12-10,-5.2,-13.5,1983-12-25
"		108",서울,1984-01-01,-5.9,-1.7,4.1,1984-01-09,-9.5,-13.6,1984-01-27
"		108",서울,1984-02-01,-3.5,1.3,8,1984-02-21,-7.3,-15.1,1984-02-06
"		108",서울,1984-03-01,2.5,7.3,14.2,1984-03-29,-1.3,-6.5,1984-03-04
"		108",서울,1984-04-01,12.1,17.9,23,1984-04-24,7.4,0.1,1984-04-06
"		108",서울,1984-05-01,18.2,24,28.1,1984-05-20,13.5,7.7,1984-05-02
"		108",서울,1984-06-01,22.6,27.7,34.2,1984-06-13,18.4,14.7,1984-06-10
"		108",서울,1984-07-01,25.2,29.5,34.7,1984-07-31,22,19.2,1984-07-17
"		108",서울,1984-08-01,26.3,30.5,35.2,1984-08-10,23.3,18.9,1984-08-17
"		108",서울,1984-09-01,20.1,25,28.7,1984-09-07,16.3,10.1,1984-09-26
"		108",서울,1984-10-01,13.8,19.5,25.7,1984-10-11,9,1.2,1984-10-21
"		108",서울,1984-11-01,8.1,12.9,21.2,1984-11-06,4.1,-5.7,1984-11-28
"		108",서울,1984-12-01,-0.9,3.5,14.5,1984-12-09,-4.2,-12.8,1984-12-29
"		108",서울,1985-01-01,-5.9,-1.2,3.5,1985-01-03,-9.8,-16.7,1985-01-14
"		108",서울,1985-02-01,-0.3,4.2,10.8,1985-02-28,-3.9,-11,1985-02-24
"		108",서울,1985-03-01,4.3,9.5,19,1985-03-24,0.4,-8.2,1985-03-10
"		108",서울,1985-04-01,11.6,17.8,24.8,1985-04-30,6.5,0,1985-04-01
"		108",서울,1985-05-01,18.1,23.6,29.6,1985-05-16,13.3,9,1985-05-08
"		108",서울,1985-06-01,22.1,27.3,31.9,1985-06-26,18,14.2,1985-06-03
"		108",서울,1985-07-01,25.3,29.2,35.4,1985-07-29,22.1,18.7,1985-07-19
"		108",서울,1985-08-01,26.3,30.4,34.3,1985-08-08,23.1,18.5,1985-08-11
"		108",서울,1985-09-01,20.2,23.9,30.1,1985-09-01,17.3,10.1,1985-09-30
"		108",서울,1985-10-01,14.7,19.6,25.7,1985-10-11,10.5,4.4,1985-10-21
"		108",서울,1985-11-01,5.6,9.5,18.8,1985-11-07,2.1,-4.6,1985-11-29
"		108",서울,1985-12-01,-3.4,0.4,8.2,1985-12-28,-6.9,-13.6,1985-12-10
"		108",서울,1986-01-01,-5.4,-1.4,7.1,1986-01-18,-8.9,-19.2,1986-01-05
"		108",서울,1986-02-01,-3.3,0.7,5.2,1986-02-16,-6.9,-12.7,1986-02-04
"		108",서울,1986-03-01,4.9,10.2,18.6,1986-03-28,0.7,-5.4,1986-03-02
"		108",서울,1986-04-01,11.9,17.8,24.3,1986-04-19,6.8,1.6,1986-04-07
"		108",서울,1986-05-01,17.1,22.5,27.5,1986-05-30,12.4,8.5,1986-05-02
"		108",서울,1986-06-01,21.9,26.3,32.4,1986-06-11,18.2,13.8,1986-06-07
"		108",서울,1986-07-01,23.5,27,31.7,1986-07-31,20.5,15.4,1986-07-03
"		108",서울,1986-08-01,24.5,28.3,32.8,1986-08-01,21.2,18.2,1986-08-29
"		108",서울,1986-09-01,19.9,24.7,31,1986-09-01,15.8,10.2,1986-09-24
"		108",서울,1986-10-01,12.7,17.2,23.9,1986-10-07,8.8,-0.5,1986-10-31
"		108",서울,1986-11-01,5.2,9.5,16.2,1986-11-23,1.2,-5.7,1986-11-26
"		108",서울,1986-12-01,1.9,5.4,13.2,1986-12-13,-1.4,-9.7,1986-12-26
"		108",서울,1987-01-01,-3,1,8.9,1987-01-22,-6.9,-15.1,1987-01-14
"		108",서울,1987-02-01,-0.1,4,12.8,1987-02-09,-3.8,-10.6,1987-02-01
"		108",서울,1987-03-01,4,8.6,17.5,1987-03-23,0.1,-7.6,1987-03-25
"		108",서울,1987-04-01,10.8,16.3,24.7,1987-04-05,6,0.4,1987-04-01
"		108",서울,1987-05-01,17,22.4,29,1987-05-31,12.1,5.8,1987-05-03
"		108",서울,1987-06-01,22.4,27.1,31.6,1987-06-25,17.8,12,1987-06-08
"		108",서울,1987-07-01,23.7,27.1,31.2,1987-07-20,20.9,18.3,1987-07-16
"		108",서울,1987-08-01,24.4,28.1,31.6,1987-08-14,21.6,18.4,1987-08-07
"		108",서울,1987-09-01,20.1,25.2,28.6,1987-09-03,15.6,6.3,1987-09-27
"		108",서울,1987-10-01,15.5,20.6,27.3,1987-10-10,10.9,2.6,1987-10-22
"		108",서울,1987-11-01,7.5,12,19,1987-11-11,3.3,-9.2,1987-11-29
"		108",서울,1987-12-01,0.9,4.9,11.8,1987-12-28,-2.6,-10.6,1987-12-31
"		108",서울,1988-01-01,-2.1,1.9,10.1,1988-01-14,-5.7,-12.1,1988-01-24
"		108",서울,1988-02-01,-1.5,3.2,12.2,1988-02-27,-5.3,-12.9,1988-02-03
"		108",서울,1988-03-01,4.3,8.8,16.1,1988-03-30,0.1,-6.8,1988-03-07
"		108",서울,1988-04-01,11.3,16.6,23.8,1988-04-17,6.7,3.2,1988-04-06
"		108",서울,1988-05-01,17.9,23.4,31.7,1988-05-20,13,9.1,1988-05-02
"		108",서울,1988-06-01,22.3,27.3,32.8,1988-06-26,18.2,13.9,1988-06-04
"		108",서울,1988-07-01,24.4,27.8,31.6,1988-07-01,21.6,19,1988-07-29
"		108",서울,1988-08-01,26.4,31,36.6,1988-08-10,22.8,18.4,1988-08-29
"		108",서울,1988-09-01,21.4,26.5,30.8,1988-09-07,16.9,11,1988-09-27
"		108",서울,1988-10-01,15,20.6,25.6,1988-10-04,9.8,2.2,1988-10-31
"		108",서울,1988-11-01,5.5,10.6,17.9,1988-11-08,1.2,-5.6,1988-11-26
"		108",서울,1988-12-01,0.1,4.3,13.9,1988-12-07,-3.7,-12.2,1988-12-16
"		108",서울,1989-01-01,0.8,3.9,11.2,1989-01-07,-2.3,-11.2,1989-01-28
"		108",서울,1989-02-01,2.4,7.1,15.4,1989-02-16,-1.3,-8.2,1989-02-03
"		108",서울,1989-03-01,6.1,10.7,16.1,1989-03-19,2.3,-5,1989-03-08
"		108",서울,1989-04-01,14.3,20.5,29.4,1989-04-21,8.8,3.7,1989-04-02
"		108",서울,1989-05-01,17.9,23.4,29.6,1989-05-06,13.3,8.4,1989-05-15
"		108",서울,1989-06-01,21.2,26.2,31.9,1989-06-23,16.9,12.8,1989-06-19
"		108",서울,1989-07-01,24.5,28.5,33.3,1989-07-31,21.2,17.3,1989-07-02
"		108",서울,1989-08-01,25.5,29.7,35.3,1989-08-05,21.7,17.4,1989-08-29
"		108",서울,1989-09-01,20.7,25.1,29.5,1989-09-07,16.9,10.3,1989-09-20
"		108",서울,1989-10-01,13.6,18.8,23.7,1989-10-01,9,1.9,1989-10-18
"		108",서울,1989-11-01,7.1,11.2,17.4,1989-11-05,3.5,-6.3,1989-11-29
"		108",서울,1989-12-01,1.4,4.9,14.7,1989-12-03,-1.9,-8.7,1989-12-31
"		108",서울,1990-01-01,-3.2,0.2,7.8,1990-01-09,-6.6,-17.1,1990-01-25
"		108",서울,1990-02-01,2.7,5.8,12.9,1990-02-28,-0.1,-5.2,1990-02-13
"		108",서울,1990-03-01,7.2,11.5,18.8,1990-03-21,3.6,-1.3,1990-03-08
"		108",서울,1990-04-01,11.3,16.3,26.3,1990-04-11,6.7,1.6,1990-04-04
"		108",서울,1990-05-01,16.2,21,27.1,1990-05-09,12.2,7.2,1990-05-05
"		108",서울,1990-06-01,20.7,24.6,29.4,1990-06-17,17.4,13.4,1990-06-01
"		108",서울,1990-07-01,24.9,28.4,34.2,1990-07-29,22,16.7,1990-07-01
"		108",서울,1990-08-01,26.4,30.9,35.5,1990-08-07,22.8,18.5,1990-08-17
"		108",서울,1990-09-01,21.1,25.7,31.1,1990-09-02,17,10.2,1990-09-19
"		108",서울,1990-10-01,15.4,21.3,27.1,1990-10-06,10.3,6.1,1990-10-18
"		108",서울,1990-11-01,10,14.6,21.9,1990-11-04,5.8,-4.9,1990-11-21
"		108",서울,1990-12-01,0.8,4.8,13.8,1990-12-08,-3,-12.9,1990-12-27
"		108",서울,1991-01-01,-2.6,1.6,9.7,1991-01-20,-6.3,-12.9,1991-01-06
"		108",서울,1991-02-01,-0.9,3.1,12,1991-02-14,-4.6,-15,1991-02-23
"		108",서울,1991-03-01,4.9,9.6,18.9,1991-03-25,0.7,-6,1991-03-01
"		108",서울,1991-04-01,13,19.1,25.6,1991-04-11,7.6,-3.4,1991-04-01
"		108",서울,1991-05-01,17.5,22.8,31.1,1991-05-23,12.7,7.4,1991-05-04
"		108",서울,1991-06-01,22.6,27.6,31.8,1991-06-28,18.3,15.2,1991-06-02
"		108",서울,1991-07-01,24.3,27.8,32,1991-07-28,21.4,18,1991-07-08
"		108",서울,1991-08-01,25.5,30,34.7,1991-08-20,21.6,15.7,1991-08-28
"		108",서울,1991-09-01,21.1,25.5,31,1991-09-08,17.3,10.1,1991-09-29
"		108",서울,1991-10-01,13.8,19.5,25.8,1991-10-01,8.8,4.1,1991-10-21
"		108",서울,1991-11-01,6.5,10.9,17.6,1991-11-06,2.1,-4,1991-11-25
"		108",서울,1991-12-01,2.2,5.9,12.9,1991-12-16,-1.5,-11.1,1991-12-29
"		108",서울,1992-01-01,-0.2,3.4,7.6,1992-01-28,-3.4,-9.1,1992-01-19
"		108",서울,1992-02-01,0.7,5,15.9,1992-02-28,-3.3,-7.8,1992-02-08
"		108",서울,1992-03-01,7.6,12.2,20.2,1992-03-27,3.5,-1.5,1992-03-07
"		108",서울,1992-04-01,12,17.5,24.3,1992-04-09,7.1,1.5,1992-04-12
"		108",서울,1992-05-01,16.4,21.9,29.9,1992-05-30,11.7,7.1,1992-05-01
"		108",서울,1992-06-01,20.9,26,29.8,1992-06-27,16.4,10.8,1992-06-08
"		108",서울,1992-07-01,24.8,28.4,32.4,1992-07-06,22,19.1,1992-07-03
"		108",서울,1992-08-01,24.8,28.9,32.8,1992-08-29,21.4,18.4,1992-08-15
"		108",서울,1992-09-01,20.9,25.1,30.9,1992-09-05,16.9,9.3,1992-09-27
"		108",서울,1992-10-01,14,18.9,25.1,1992-10-01,9.7,4,1992-10-26
"		108",서울,1992-11-01,6.2,10.8,17.2,1992-11-07,2.1,-9,1992-11-27
"		108",서울,1992-12-01,1.5,5.1,13.3,1992-12-05,-2,-9.7,1992-12-23
"		108",서울,1993-01-01,-1.9,1.9,8.4,1993-01-24,-5.5,-11.1,1993-01-19
"		108",서울,1993-02-01,1,5.3,14.2,1993-02-06,-2.9,-8.6,1993-02-24
"		108",서울,1993-03-01,5.8,10.5,16.6,1993-03-27,1.9,-6.2,1993-03-02
"		108",서울,1993-04-01,10.6,15.8,23.5,1993-04-21,6.3,-0.3,1993-04-09
"		108",서울,1993-05-01,18.2,23.8,31.9,1993-05-29,13.3,9.4,1993-05-02
"		108",서울,1993-06-01,21.3,25.8,29.2,1993-06-26,17.8,13.4,1993-06-02
"		108",서울,1993-07-01,23.3,27.6,31.1,1993-07-07,19.8,16.2,1993-07-21
"		108",서울,1993-08-01,23.2,27.5,30.6,1993-08-12,19.8,16.3,1993-08-30
"		108",서울,1993-09-01,21.2,26.3,30.5,1993-09-01,16.9,10.8,1993-09-30
"		108",서울,1993-10-01,13.4,19.3,25,1993-10-08,8.3,0.6,1993-10-31
"		108",서울,1993-11-01,8.5,12.5,20.9,1993-11-11,5.2,-9,1993-11-24
"		108",서울,1993-12-01,-0.2,3.8,10,1993-12-25,-3.8,-11.2,1993-12-15
"		108",서울,1994-01-01,-0.9,3.1,10,1994-01-09,-4.7,-12.3,1994-01-19
"		108",서울,1994-02-01,0.8,5.8,11.4,1994-02-19,-3.2,-10.8,1994-02-10
"		108",서울,1994-03-01,4,8.9,18.6,1994-03-31,-0.1,-5.5,1994-03-01
"		108",서울,1994-04-01,15.2,21.4,28.9,1994-04-06,10,5.7,1994-04-14
"		108",서울,1994-05-01,17.9,23.1,28,1994-05-23,13.4,8.3,1994-05-05
"		108",서울,1994-06-01,22.8,28.2,34.7,1994-06-17,18.1,13.4,1994-06-20
"		108",서울,1994-07-01,28.5,32.6,38.4,1994-07-24,25.3,21.3,1994-07-02
"		108",서울,1994-08-01,27.6,31.9,37,1994-08-09,24.4,19,1994-08-22
"		108",서울,1994-09-01,21,26.1,32,1994-09-04,16.7,12.1,1994-09-25
"		108",서울,1994-10-01,15.2,20.3,25.9,1994-10-09,11.3,3.2,1994-10-31
"		108",서울,1994-11-01,9.3,13.6,19.8,1994-11-06,5.4,-2.2,1994-11-27
"		108",서울,1994-12-01,1.1,4.7,12.4,1994-12-01,-2.4,-12.6,1994-12-16
"		108",서울,1995-01-01,-2.1,1.8,10.3,1995-01-08,-5.7,-11.1,1995-01-30
"		108",서울,1995-02-01,1.2,6,9.9,1995-02-11,-2.8,-7.9,1995-02-01
"		108",서울,1995-03-01,6,10.3,17.1,1995-03-15,2.2,-3.6,1995-03-17
"		108",서울,1995-04-01,11.3,16.7,25.2,1995-04-30,6.5,-0.4,1995-04-02
"		108",서울,1995-05-01,17.1,22.1,29,1995-05-18,12.1,6.3,1995-05-11
"		108",서울,1995-06-01,21.6,26.3,29.6,1995-06-21,17.5,12.1,1995-06-01
"		108",서울,1995-07-01,24.5,27.8,33.6,1995-07-23,21.7,17.7,1995-07-05
"		108",서울,1995-08-01,26,29.2,33.7,1995-08-15,23.4,18.8,1995-08-30
"		108",서울,1995-09-01,20,24.5,28.4,1995-09-01,15.7,10.7,1995-09-28
"		108",서울,1995-10-01,15.5,20.6,25.6,1995-10-13,10.7,4.2,1995-10-31
"		108",서울,1995-11-01,6.2,11.5,18.6,1995-11-06,1.8,-4.3,1995-11-24
"		108",서울,1995-12-01,-1,3,6.9,1995-12-12,-4.4,-10.3,1995-12-30
"		108",서울,1996-01-01,-2.2,2.3,9.8,1996-01-13,-5.6,-10.7,1996-01-04
"		108",서울,1996-02-01,-1.6,3.2,14,1996-02-13,-5.5,-13.8,1996-02-02
"		108",서울,1996-03-01,4.9,9.5,17.5,1996-03-29,1,-3.8,1996-03-12
"		108",서울,1996-04-01,10.2,15.1,23.3,1996-04-27,5.9,-0.9,1996-04-02
"		108",서울,1996-05-01,18.4,24.2,31.4,1996-05-31,13.3,9.8,1996-05-10
"		108",서울,1996-06-01,22.3,26.5,32.7,1996-06-01,19.1,15.1,1996-06-18
"		108",서울,1996-07-01,24.4,28.3,34.6,1996-07-31,21.2,16.6,1996-07-09
"		108",서울,1996-08-01,26,29.8,35.4,1996-08-01,22.9,17.6,1996-08-28
"		108",서울,1996-09-01,22,27.3,30.9,1996-09-02,17.5,11.6,1996-09-21
"		108",서울,1996-10-01,14.5,19.4,23.8,1996-10-04,10,-0.4,1996-10-27
"		108",서울,1996-11-01,6.1,10.3,18.8,1996-11-11,2.4,-8,1996-11-30
"		108",서울,1996-12-01,1.6,6,12.7,1996-12-15,-2.5,-10.5,1996-12-01
"		108",서울,1997-01-01,-3.3,1.2,8,1997-01-01,-7.1,-13.7,1997-01-22
"		108",서울,1997-02-01,0.7,5.6,15.1,1997-02-27,-3.5,-8.1,1997-02-03
"		108",서울,1997-03-01,6.8,11.8,20.2,1997-03-13,2.5,-4.3,1997-03-03
"		108",서울,1997-04-01,13,18.1,22.3,1997-04-20,8.4,2.7,1997-04-01
"		108",서울,1997-05-01,17,21.5,27.9,1997-05-05,12.9,8.8,1997-05-09
"		108",서울,1997-06-01,23.4,28.5,35,1997-06-15,18.9,12.4,1997-06-02
"		108",서울,1997-07-01,26.1,30.1,36.1,1997-07-26,22.8,18.1,1997-07-07
"		108",서울,1997-08-01,26.8,31.3,34.1,1997-08-08,23.2,19.6,1997-08-05
"		108",서울,1997-09-01,20.2,25.4,31.9,1997-09-06,15.7,10.3,1997-09-22
"		108",서울,1997-10-01,13.4,19,26.3,1997-10-02,8.2,-2,1997-10-31
"		108",서울,1997-11-01,8.8,13.7,20.2,1997-11-11,4.6,-3.2,1997-11-19
"		108",서울,1997-12-01,1.8,5.7,12.8,1997-12-19,-1.8,-11.3,1997-12-10
"		108",서울,1998-01-01,-1.3,2.8,8.2,1998-01-03,-4.7,-15.4,1998-01-24
"		108",서울,1998-02-01,3.4,7.8,15,1998-02-25,-0.6,-7.7,1998-02-10
"		108",서울,1998-03-01,7.3,12.5,19.1,1998-03-29,2.8,-3.2,1998-03-20
"		108",서울,1998-04-01,15.6,20.9,26.3,1998-04-11,11.1,1.9,1998-04-02
"		108",서울,1998-05-01,19,24.3,31.4,1998-05-21,14,10.4,1998-05-11
"		108",서울,1998-06-01,21.9,26.4,31.8,1998-06-22,18,13.2,1998-06-05
"		108",서울,1998-07-01,24.9,28.6,32.2,1998-07-28,21.9,19.5,1998-07-26
"		108",서울,1998-08-01,25,28.8,32,1998-08-02,22.1,17.4,1998-08-28
"		108",서울,1998-09-01,23,27.8,32.8,1998-09-12,19,15.4,1998-09-17
"		108",서울,1998-10-01,17,22,26.5,1998-10-02,12.7,4.9,1998-10-20
"		108",서울,1998-11-01,7.3,12.2,20.5,1998-11-14,3.3,-6.8,1998-11-19
"		108",서울,1998-12-01,2.3,6.6,12.9,1998-12-18,-1.7,-8.1,1998-12-10
"		108",서울,1999-01-01,-0.8,3.5,12.4,1999-01-24,-4.7,-12.2,1999-01-09
"		108",서울,1999-02-01,0.7,5,10.2,1999-02-16,-3.1,-12.3,1999-02-03
"		108",서울,1999-03-01,6.7,11.7,18.8,1999-03-04,1.6,-6.2,1999-03-22
"		108",서울,1999-04-01,13.9,19.3,28.2,1999-04-25,8.7,1.6,1999-04-07
"		108",서울,1999-05-01,17.5,22.7,28.1,1999-05-31,12.4,10.2,1999-05-02
"		108",서울,1999-06-01,23.1,28.3,33.6,1999-06-29,18.5,15.8,1999-06-03
"		108",서울,1999-07-01,25.9,30,34.9,1999-07-20,22.3,18.2,1999-07-12
"		108",서울,1999-08-01,26,30.2,35.4,1999-08-17,22.3,19.5,1999-08-28
"		108",서울,1999-09-01,22.9,27,32,1999-09-13,19.4,12.8,1999-09-21
"		108",서울,1999-10-01,14.3,19.1,24,1999-10-12,10,1.5,1999-10-17
"		108",서울,1999-11-01,7.9,12.6,18.6,1999-11-09,3.8,-6.1,1999-11-26
"		108",서울,1999-12-01,0.4,4.4,12,1999-12-10,-3.4,-11.5,1999-12-21
"		108",서울,2000-01-01,-2.1,1.7,9.9,2000-01-01,-5.7,-12.1,2000-01-07
"		108",서울,2000-02-01,-1.7,2.6,7.5,2000-02-19,-5.8,-11.6,2000-02-01
"		108",서울,2000-03-01,6.3,11.4,18.9,2000-03-27,1.7,-4.8,2000-03-08
"		108",서울,2000-04-01,11.9,16.9,23.5,2000-04-20,7.3,1.8,2000-04-11
"		108",서울,2000-05-01,17.5,22.7,30.5,2000-05-25,12.9,7.9,2000-05-02
"		108",서울,2000-06-01,23.7,29.2,33.9,2000-06-18,19.1,14.6,2000-06-09
"		108",서울,2000-07-01,26.8,31,34.2,2000-07-06,23.1,19.9,2000-07-01
"		108",서울,2000-08-01,26.2,30,35.1,2000-08-02,22.9,19,2000-08-21
"		108",서울,2000-09-01,20.7,24.8,31,2000-09-03,17.1,11.9,2000-09-19
"		108",서울,2000-10-01,14.9,19.2,26.5,2000-10-07,10.7,3.5,2000-10-30
"		108",서울,2000-11-01,7,11.1,20.3,2000-11-06,2.7,-3.8,2000-11-22
"		108",서울,2000-12-01,0.9,4.9,11.9,2000-12-09,-2.9,-11.4,2000-12-26
"		108",서울,2001-01-01,-4.1,-0.8,6.8,2001-01-25,-7.8,-18.6,2001-01-15
"		108",서울,2001-02-01,-0.3,3.7,12.2,2001-02-22,-3.7,-10.4,2001-02-02
"		108",서울,2001-03-01,5,9.6,21,2001-03-24,0.9,-6.1,2001-03-08
"		108",서울,2001-04-01,13.6,19.2,28.2,2001-04-09,8.7,2.1,2001-04-03
"		108",서울,2001-05-01,19.1,24.7,31.5,2001-05-21,14.8,10.4,2001-05-10
"		108",서울,2001-06-01,22.5,27.1,32.7,2001-06-10,19.2,15.6,2001-06-01
"		108",서울,2001-07-01,25.9,29.9,32.8,2001-07-26,22.9,20.3,2001-07-10
"		108",서울,2001-08-01,26.5,30.8,35.3,2001-08-17,22.8,19.4,2001-08-13
"		108",서울,2001-09-01,22.5,27.5,31.7,2001-09-03,17.9,11,2001-09-22
"		108",서울,2001-10-01,16.5,21,25.3,2001-10-14,12.4,8.8,2001-10-19
"		108",서울,2001-11-01,7,11.5,16,2001-11-09,2.9,-3.1,2001-11-27
"		108",서울,2001-12-01,-0.6,3.4,10.9,2001-12-11,-4,-8.8,2001-12-18
"		108",서울,2002-01-01,0.3,3.9,13.5,2002-01-15,-2.9,-12,2002-01-03
"		108",서울,2002-02-01,2.9,7.1,12.6,2002-02-24,-0.8,-5.1,2002-02-09
"		108",서울,2002-03-01,7.6,12.4,19.4,2002-03-13,3.6,-2.9,2002-03-07
"		108",서울,2002-04-01,13.6,18.6,27.7,2002-04-22,8.8,4.3,2002-04-10
"		108",서울,2002-05-01,18.2,23.5,27.7,2002-05-23,13.3,10,2002-05-08
"		108",서울,2002-06-01,22.2,27.3,32,2002-06-29,17.9,14.5,2002-06-26
"		108",서울,2002-07-01,25.2,28.8,34.8,2002-07-28,22.2,18.9,2002-07-20
"		108",서울,2002-08-01,24.2,27.5,32.2,2002-08-29,21.4,17.9,2002-08-12
"		108",서울,2002-09-01,21.6,26.1,30.6,2002-09-03,17.8,13.5,2002-09-23
"		108",서울,2002-10-01,12.8,17.7,24.9,2002-10-17,8.8,-0.3,2002-10-28
"		108",서울,2002-11-01,4,8,16.7,2002-11-07,0.3,-4.8,2002-11-19
"		108",서울,2002-12-01,1.7,5.3,15.9,2002-12-04,-1.6,-9.1,2002-12-10
"		108",서울,2003-01-01,-2.5,1.1,8.7,2003-01-13,-5.8,-15.5,2003-01-05
"		108",서울,2003-02-01,2.7,6.6,11.9,2003-02-28,-0.7,-8.3,2003-02-12
"		108",서울,2003-03-01,6.5,10.6,20.9,2003-03-31,2.9,-5,2003-03-04
"		108",서울,2003-04-01,13.2,17.9,24.6,2003-04-28,9,4.8,2003-04-10
"		108",서울,2003-05-01,19.6,25,30.4,2003-05-28,14.4,8.5,2003-05-01
"		108",서울,2003-06-01,21.5,25.8,31.1,2003-06-09,18,14.4,2003-06-07
"		108",서울,2003-07-01,23.8,27.7,31.4,2003-07-30,20.7,18.3,2003-07-18
"		108",서울,2003-08-01,24.1,27.6,32.2,2003-08-05,21.3,16.6,2003-08-31
"		108",서울,2003-09-01,20.9,24.9,28.7,2003-09-08,17.5,13.8,2003-09-22
"		108",서울,2003-10-01,13.9,19,26,2003-10-10,9.6,2.7,2003-10-29
"		108",서울,2003-11-01,9.5,13.5,21.3,2003-11-02,5.9,-3.2,2003-11-22
"		108",서울,2003-12-01,0.7,4.4,12,2003-12-01,-2.8,-8.1,2003-12-20
"		108",서울,2004-01-01,-1.5,2.1,8.1,2004-01-05,-4.9,-16.7,2004-01-22
"		108",서울,2004-02-01,2.3,6.9,18.7,2004-02-20,-1.6,-7.8,2004-02-06
"		108",서울,2004-03-01,6.3,11.1,18.7,2004-03-16,2.1,-5.6,2004-03-07
"		108",서울,2004-04-01,13.1,18.3,27.3,2004-04-18,8.5,2.7,2004-04-04
"		108",서울,2004-05-01,17.6,22.2,27.6,2004-05-27,13.7,8.8,2004-05-05
"		108",서울,2004-06-01,23.2,27.7,32.5,2004-06-03,19.3,14.6,2004-06-01
"		108",서울,2004-07-01,24.8,27.7,34.5,2004-07-31,22.3,19.5,2004-07-05
"		108",서울,2004-08-01,26.1,30.2,36.2,2004-08-10,22.8,18.7,2004-08-24
"		108",서울,2004-09-01,21.7,26.3,31.3,2004-09-05,17.8,12.8,2004-09-22
"		108",서울,2004-10-01,15.2,20.8,25.6,2004-10-08,10.3,5.3,2004-10-27
"		108",서울,2004-11-01,9.1,13.4,21.5,2004-11-09,5.3,0.2,2004-11-13
"		108",서울,2004-12-01,1.9,5.8,16.2,2004-12-03,-1.4,-8.3,2004-12-30
"		108",서울,2005-01-01,-2.5,1.5,7.3,2005-01-28,-6.2,-11,2005-01-31
"		108",서울,2005-02-01,-1.9,2.2,10.5,2005-02-17,-5.5,-13.1,2005-02-01
"		108",서울,2005-03-01,4.1,8.8,17.6,2005-03-27,0.2,-6.5,2005-03-12
"		108",서울,2005-04-01,13.2,18.1,29.8,2005-04-30,8.9,4.1,2005-04-04
"		108",서울,2005-05-01,17.7,22.9,30.2,2005-05-29,13,6.3,2005-05-07
"		108",서울,2005-06-01,22.7,27.3,32,2005-06-24,19.1,15.5,2005-06-01
"		108",서울,2005-07-01,25.3,28.8,34.2,2005-07-22,22.7,18.3,2005-07-12
"		108",서울,2005-08-01,25.1,28.7,35,2005-08-06,22.4,16.5,2005-08-24
"		108",서울,2005-09-01,21.8,25.7,30.8,2005-09-11,18.6,13.8,2005-09-21
"		108",서울,2005-10-01,14.7,19.4,24.9,2005-10-06,10.7,3,2005-10-23
"		108",서울,2005-11-01,8.6,12.9,21.8,2005-11-04,4.6,-1.1,2005-11-16
"		108",서울,2005-12-01,-3.9,-0.1,11.1,2005-12-01,-7.4,-14,2005-12-18
"		108",서울,2006-01-01,-0.2,3.4,9.3,2006-01-14,-3.3,-10.1,2006-01-06
"		108",서울,2006-02-01,0.1,4.2,11.5,2006-02-24,-4,-14.1,2006-02-03
"		108",서울,2006-03-01,5.2,9.9,17.2,2006-03-22,0.9,-6.9,2006-03-13
"		108",서울,2006-04-01,11.6,16.2,22.2,2006-04-11,7.7,2.9,2006-04-16
"		108",서울,2006-05-01,18.4,23.4,28.3,2006-05-21,14,10.8,2006-05-14
"		108",서울,2006-06-01,21.8,26.3,32.4,2006-06-02,18.1,14.1,2006-06-12
"		108",서울,2006-07-01,23.1,26,30.1,2006-07-31,20.9,17.5,2006-07-18
"		108",서울,2006-08-01,27,31.1,34.7,2006-08-04,23.9,20.8,2006-08-19
"		108",서울,2006-09-01,21.1,25.7,30.3,2006-09-02,16.9,11.3,2006-09-11
"		108",서울,2006-10-01,17.9,22.6,27.5,2006-10-04,13.9,7.9,2006-10-30
"		108",서울,2006-11-01,8.4,12.4,20.2,2006-11-03,4.5,-1.3,2006-11-07
"		108",서울,2006-12-01,1.4,5.4,12.6,2006-12-26,-2,-12.3,2006-12-29
"		108",서울,2007-01-01,0.4,4.1,11.8,2007-01-04,-2.8,-7.6,2007-01-14
"		108",서울,2007-02-01,4,8.7,14.8,2007-02-28,0.1,-8.6,2007-02-02
"		108",서울,2007-03-01,6.1,10.3,16.2,2007-03-23,2.3,-7.6,2007-03-06
"		108",서울,2007-04-01,11.4,16.1,22.5,2007-04-29,7.5,1.6,2007-04-03
"		108",서울,2007-05-01,18.1,23.4,30.1,2007-05-27,13.6,9,2007-05-10
"		108",서울,2007-06-01,23.2,27.7,33.2,2007-06-18,19.2,14.1,2007-06-09
"		108",서울,2007-07-01,24.2,27.8,31.2,2007-07-30,21.3,17.7,2007-07-11
"		108",서울,2007-08-01,26.5,29.9,33.2,2007-08-23,23.8,19.8,2007-08-31
"		108",서울,2007-09-01,21.5,25.1,31.1,2007-09-20,18.6,14.1,2007-09-29
"		108",서울,2007-10-01,15.1,19.6,26.2,2007-10-05,11.3,3.2,2007-10-20
"		108",서울,2007-11-01,6.7,11.4,19.3,2007-11-08,2.8,-5.5,2007-11-19
"		108",서울,2007-12-01,1.8,5.4,13.8,2007-12-26,-1.4,-7.4,2007-12-30
"		108",서울,2008-01-01,-1.7,1.9,7.3,2008-01-06,-5,-11.1,2008-01-17
"		108",서울,2008-02-01,-1.2,3.2,10.5,2008-02-22,-4.9,-10.1,2008-02-13
"		108",서울,2008-03-01,7.3,11.9,19.8,2008-03-21,3.7,-1.7,2008-03-05
"		108",서울,2008-04-01,14.1,19.5,28,2008-04-19,9.3,3.8,2008-04-04
"		108",서울,2008-05-01,17.7,22.7,28.5,2008-05-29,13.1,8.1,2008-05-14
"		108",서울,2008-06-01,21.5,26.1,29.6,2008-06-20,17.6,13.7,2008-06-05
"		108",서울,2008-07-01,25.1,28.4,32.9,2008-07-09,22.6,20.2,2008-07-01
"		108",서울,2008-08-01,25.3,29.5,35.4,2008-08-08,21.8,16.3,2008-08-22
"		108",서울,2008-09-01,22,26.9,32,2008-09-17,18,10.3,2008-09-27
"		108",서울,2008-10-01,16.1,21,28.3,2008-10-18,12.1,5.6,2008-10-28
"		108",서울,2008-11-01,7.6,11.7,18.4,2008-11-06,3.8,-7.2,2008-11-19
"		108",서울,2008-12-01,1.1,5,13.3,2008-12-10,-2.7,-13.1,2008-12-06
"		108",서울,2009-01-01,-2,2.3,12.2,2009-01-30,-5.5,-11.4,2009-01-24
"		108",서울,2009-02-01,2.9,6.8,16.1,2009-02-13,-0.6,-8.6,2009-02-17
"		108",서울,2009-03-01,6,10.6,22.2,2009-03-21,1.8,-3.3,2009-03-14
"		108",서울,2009-04-01,12.7,18,25.8,2009-04-19,8.1,2.2,2009-04-01
"		108",서울,2009-05-01,19.1,24.3,31,2009-05-28,14.6,9.8,2009-05-05
"		108",서울,2009-06-01,22.4,26.7,32.4,2009-06-27,18.8,14.3,2009-06-01
"		108",서울,2009-07-01,24.3,28.2,32.4,2009-07-16,21,18.7,2009-07-10
"		108",서울,2009-08-01,25.7,29.5,34.4,2009-08-16,22.4,16.4,2009-08-31
"		108",서울,2009-09-01,21.8,26.3,29.9,2009-09-06,17.7,14.4,2009-09-22
"		108",서울,2009-10-01,16,20.9,26.4,2009-10-01,11.7,6.2,2009-10-20
"		108",서울,2009-11-01,6.9,10.4,21.8,2009-11-09,3.7,-4.3,2009-11-18
"		108",서울,2009-12-01,-1,2.5,10.1,2009-12-01,-4.2,-12.9,2009-12-31
"		108",서울,2010-01-01,-4.5,-0.7,8.4,2010-01-20,-8.1,-15.3,2010-01-13
"		108",서울,2010-02-01,1.4,4.9,17.9,2010-02-24,-1.7,-10.8,2010-02-03
"		108",서울,2010-03-01,4.3,8.1,14.2,2010-03-30,0.5,-4,2010-03-10
"		108",서울,2010-04-01,9.5,14,20.7,2010-04-20,5.6,1.1,2010-04-03
"		108",서울,2010-05-01,17.2,22,28.6,2010-05-21,13,5.8,2010-05-01
"		108",서울,2010-06-01,23.4,28.2,32.7,2010-06-10,19.3,12.1,2010-06-01
"		108",서울,2010-07-01,25.8,29.3,32.3,2010-07-20,23.1,21,2010-07-12
"		108",서울,2010-08-01,26.5,30,33.8,2010-08-05,23.8,19.9,2010-08-25
"		108",서울,2010-09-01,21.8,26,31.4,2010-09-01,18.5,8.4,2010-09-30
"		108",서울,2010-10-01,14.5,19.3,24.2,2010-10-09,10.4,0.7,2010-10-27
"		108",서울,2010-11-01,6.5,11.3,17.4,2010-11-13,2.5,-5.2,2010-11-28
"		108",서울,2010-12-01,-1.3,3.1,13.5,2010-12-02,-5.1,-15.1,2010-12-24
"		108",서울,2011-01-01,-7.2,-3.4,0.3,2011-01-14,-10.5,-17.8,2011-01-16
"		108",서울,2011-02-01,1.2,5.9,13.2,2011-02-26,-2.5,-9.2,2011-02-12
"		108",서울,2011-03-01,3.6,8.3,16.8,2011-03-31,-0.1,-5.5,2011-03-03
"		108",서울,2011-04-01,10.7,15.6,19,2011-04-15,6.8,4.3,2011-04-01
"		108",서울,2011-05-01,17.9,23,31.2,2011-05-29,13.6,8.5,2011-05-02
"		108",서울,2011-06-01,22,26.6,32.9,2011-06-19,18.4,14.4,2011-06-03
"		108",서울,2011-07-01,24.6,28,34.1,2011-07-18,22,18.9,2011-07-04
"		108",서울,2011-08-01,25.8,29.5,34.1,2011-08-05,23,18.1,2011-08-23
"		108",서울,2011-09-01,21.8,26.6,32.4,2011-09-02,17.7,10.3,2011-09-30
"		108",서울,2011-10-01,14.2,19.3,23.4,2011-10-13,9.7,3.1,2011-10-26
"		108",서울,2011-11-01,10.7,14.7,25.9,2011-11-05,7.2,-5.5,2011-11-24
"		108",서울,2011-12-01,-0.9,2.9,9.1,2011-12-03,-4.1,-10.6,2011-12-17
"		108",서울,2012-01-01,-2.8,1.3,8.4,2012-01-19,-6.3,-12.2,2012-01-23
"		108",서울,2012-02-01,-2,3,12.1,2012-02-22,-6,-17.1,2012-02-02
"		108",서울,2012-03-01,5.1,9.5,16.2,2012-03-29,1.5,-5.7,2012-03-12
"		108",서울,2012-04-01,12.3,17.9,29.4,2012-04-30,7.8,0.6,2012-04-07
"		108",서울,2012-05-01,19.7,25.1,29.3,2012-05-22,15.4,12,2012-05-18
"		108",서울,2012-06-01,24.1,29.7,33.5,2012-06-19,20,16.3,2012-06-01
"		108",서울,2012-07-01,25.4,29,33.2,2012-07-29,22.4,18.5,2012-07-07
"		108",서울,2012-08-01,27.1,30.9,36.7,2012-08-05,23.9,18.7,2012-08-31
"		108",서울,2012-09-01,21,25,29.5,2012-09-02,17.4,12,2012-09-30
"		108",서울,2012-10-01,15.3,20.5,26,2012-10-03,11,2.8,2012-10-31
"		108",서울,2012-11-01,5.5,9.5,15.7,2012-11-03,1.8,-3,2012-11-30
"		108",서울,2012-12-01,-4.1,-0.5,8.3,2012-12-15,-7.4,-14.5,2012-12-26
"		108",서울,2013-01-01,-3.4,0.3,11.5,2013-01-31,-6.6,-16.4,2013-01-03
"		108",서울,2013-02-01,-1.2,2.8,13.9,2013-02-28,-4.9,-15.8,2013-02-08
"		108",서울,2013-03-01,5.1,10.8,23.8,2013-03-09,0.7,-4.4,2013-03-02
"		108",서울,2013-04-01,10,15,21.6,2013-04-28,5.7,1.3,2013-04-10
"		108",서울,2013-05-01,18.2,23.6,31.8,2013-05-25,13.7,7.9,2013-05-06
"		108",서울,2013-06-01,24.4,29.2,32.6,2013-06-29,20.5,16.3,2013-06-02
"		108",서울,2013-07-01,25.5,28.3,31.3,2013-07-01,23.4,20.5,2013-07-03
"		108",서울,2013-08-01,27.7,31.1,33.9,2013-08-21,24.8,21.1,2013-08-31
"		108",서울,2013-09-01,21.8,25.9,31.1,2013-09-18,18,10.9,2013-09-27
"		108",서울,2013-10-01,15.8,21.2,28.1,2013-10-05,10.9,4.3,2013-10-26
"		108",서울,2013-11-01,6.2,10.7,20.7,2013-11-01,2.1,-6.4,2013-11-28
"		108",서울,2013-12-01,-0.2,3.5,11,2013-12-07,-3.5,-9.8,2013-12-28
"		108",서울,2014-01-01,-0.7,3.5,8.2,2014-01-29,-4.9,-10.5,2014-01-13
"		108",서울,2014-02-01,1.9,6.6,16.4,2014-02-26,-1.8,-10.5,2014-02-04
"		108",서울,2014-03-01,7.9,13.1,23.8,2014-03-28,3.5,-4.6,2014-03-07
"		108",서울,2014-04-01,14,19.6,26.2,2014-04-24,9.4,2.3,2014-04-06
"		108",서울,2014-05-01,18.9,25.3,33.3,2014-05-31,13.8,6.8,2014-05-05
"		108",서울,2014-06-01,23.1,27.8,31.1,2014-06-06,19.7,17.3,2014-06-12
"		108",서울,2014-07-01,26.1,30.6,34.4,2014-07-31,22.9,19.1,2014-07-24
"		108",서울,2014-08-01,25.2,29,35.8,2014-08-02,22.1,18.3,2014-08-11
"		108",서울,2014-09-01,22.1,27,31.3,2014-09-07,18,14.9,2014-09-19
"		108",서울,2014-10-01,15.6,21.4,29,2014-10-12,10.7,2.7,2014-10-28
"		108",서울,2014-11-01,9,13.8,22.9,2014-11-01,4.9,-3.1,2014-11-13
"		108",서울,2014-12-01,-2.9,1.5,7.9,2014-12-01,-6.7,-13.2,2014-12-18
"		108",서울,2015-01-01,-0.9,3.6,9,2015-01-15,-4.8,-9.8,2015-01-01
"		108",서울,2015-02-01,1,6,13,2015-02-15,-2.9,-13,2015-02-09
"		108",서울,2015-03-01,6.3,12.4,21.9,2015-03-20,1,-6.9,2015-03-10
"		108",서울,2015-04-01,13.3,18.8,28.3,2015-04-30,8.4,3.5,2015-04-08
"		108",서울,2015-05-01,18.9,24.9,32.2,2015-05-28,13.6,8.3,2015-05-05
"		108",서울,2015-06-01,23.6,29.5,34.9,2015-06-10,18.9,15.6,2015-06-21
"		108",서울,2015-07-01,25.8,30,36,2015-07-11,22.6,18.2,2015-07-04
"		108",서울,2015-08-01,26.3,30.8,34.4,2015-08-07,22.8,18.9,2015-08-26
"		108",서울,2015-09-01,22.4,28.1,31,2015-09-22,17.5,14.2,2015-09-27
"		108",서울,2015-10-01,15.5,21.2,26.6,2015-10-17,10.8,1.1,2015-10-31
"		108",서울,2015-11-01,8.9,12.7,21,2015-11-12,5.9,-7.3,2015-11-27
"		108",서울,2015-12-01,1.6,6,12.2,2015-12-13,-2.1,-9.5,2015-12-28
"		108",서울,2016-01-01,-3.2,1.1,9.5,2016-01-02,-6.8,-18,2016-01-24
"		108",서울,2016-02-01,0.2,5.1,14.4,2016-02-13,-4.1,-10,2016-02-15
"		108",서울,2016-03-01,7,12.6,21.4,2016-03-31,2.4,-7.5,2016-03-01
"		108",서울,2016-04-01,14.1,20.3,29.6,2016-04-26,9.1,5.1,2016-04-04
"		108",서울,2016-05-01,19.6,25.7,31.9,2016-05-19,14.1,8.9,2016-05-03
"		108",서울,2016-06-01,23.6,28.7,32.2,2016-06-05,19.5,17.1,2016-06-01
"		108",서울,2016-07-01,26.2,29.8,34.1,2016-07-22,23.3,19.8,2016-07-16
"		108",서울,2016-08-01,28,32.6,36.6,2016-08-21,24.5,16.1,2016-08-31
"		108",서울,2016-09-01,23.1,27.9,31.1,2016-09-05,19.3,14.3,2016-09-21
"		108",서울,2016-10-01,16.1,21.3,29,2016-10-04,11.6,0.7,2016-10-31
"		108",서울,2016-11-01,6.8,11.6,18.6,2016-11-19,2.8,-6.2,2016-11-24
"		108",서울,2016-12-01,1.2,5.8,13.6,2016-12-20,-2.7,-9.8,2016-12-16
"		108",서울,2017-01-01,-1.8,2.9,11.4,2017-01-06,-5.8,-12.6,2017-01-23
"		108",서울,2017-02-01,-0.2,4.8,12.3,2017-02-28,-4.7,-9.3,2017-02-10
"		108",서울,2017-03-01,6.3,12.3,18.9,2017-03-19,1.7,-5.3,2017-03-08
"		108",서울,2017-04-01,13.9,20,27.8,2017-04-30,9.1,3.1,2017-04-02
"		108",서울,2017-05-01,19.5,25.4,30.3,2017-05-30,14.4,10,2017-05-06
"		108",서울,2017-06-01,23.3,28.8,34.1,2017-06-23,18.7,14.5,2017-06-06
"		108",서울,2017-07-01,26.9,30.4,35.4,2017-07-25,24.3,21.9,2017-07-03
"		108",서울,2017-08-01,25.9,29.7,35.3,2017-08-04,22.9,16.1,2017-08-30
"		108",서울,2017-09-01,22.1,27.4,31.4,2017-09-26,17.5,11.2,2017-09-29
"		108",서울,2017-10-01,16.4,22.5,29.4,2017-10-02,11.6,2.5,2017-10-30
"		108",서울,2017-11-01,5.6,10.5,18.4,2017-11-07,1.3,-6.6,2017-11-19
"		108",서울,2017-12-01,-1.9,2.2,8.7,2017-12-23,-5.7,-12.3,2017-12-12
"		108",서울,2018-01-01,-4,0.1,8.7,2018-01-17,-7.3,-17.8,2018-01-26
"		108",서울,2018-02-01,-1.6,3.3,10.4,2018-02-26,-5.9,-13.4,2018-02-07
"		108",서울,2018-03-01,8.1,13.6,22.1,2018-03-14,3.8,-6.7,2018-03-02
"		108",서울,2018-04-01,13,18.5,26.3,2018-04-20,8.1,0.1,2018-04-09
"		108",서울,2018-05-01,18.2,23.3,29.6,2018-05-26,13.4,6.9,2018-05-03
"		108",서울,2018-06-01,23.1,28.4,32.9,2018-06-25,18.9,16.3,2018-06-16
"		108",서울,2018-07-01,27.8,32.1,38.3,2018-07-31,24.2,17.7,2018-07-08
"		108",서울,2018-08-01,28.8,33.3,39.6,2018-08-01,25.2,20.2,2018-08-27
"		108",서울,2018-09-01,21.5,26,30.9,2018-09-01,17.6,10.8,2018-09-25
"		108",서울,2018-10-01,13.1,18.6,25.6,2018-10-04,8.5,0.7,2018-10-30
"		108",서울,2018-11-01,7.8,13.2,19.4,2018-11-04,3.6,-3.1,2018-11-23
"		108",서울,2018-12-01,-0.6,4.1,13.5,2018-12-03,-4.7,-14.4,2018-12-28
"		108",서울,2019-01-01,-0.9,4.1,8.5,2019-01-19,-5.1,-10.1,2019-01-16
"		108",서울,2019-02-01,1,6,14.5,2019-02-23,-3.2,-10.2,2019-02-08
"		108",서울,2019-03-01,7.1,12.4,17.6,2019-03-26,2.7,-1.7,2019-03-14
"		108",서울,2019-04-01,12.1,17.6,28.2,2019-04-22,7.2,0.3,2019-04-01
"		108",서울,2019-05-01,19.4,25.6,33.4,2019-05-24,13.7,8.4,2019-05-07
"		108",서울,2019-06-01,22.5,27.7,32.8,2019-06-25,18.1,14.1,2019-06-02
"		108",서울,2019-07-01,25.9,30.1,36.1,2019-07-06,22.7,19.3,2019-07-10
"		108",서울,2019-08-01,27.2,31.6,36.8,2019-08-06,23.6,18.5,2019-08-31
"		108",서울,2019-09-01,22.6,27.1,30.5,2019-09-16,19,13.6,2019-09-19
"		108",서울,2019-10-01,16.4,21.8,28.2,2019-10-01,11.8,4.7,2019-10-27
"		108",서울,2019-11-01,7.6,12.9,22.1,2019-11-03,3.1,-4.6,2019-11-20
"		108",서울,2019-12-01,1.4,5.3,12.9,2019-12-16,-2.6,-10.9,2019-12-31
"		108",서울,2020-01-01,1.6,5.9,11.9,2020-01-26,-1.7,-6.5,2020-01-01
"		108",서울,2020-02-01,2.5,7.2,15.6,2020-02-15,-1.3,-11.8,2020-02-06
"		108",서울,2020-03-01,7.7,13.3,20.6,2020-03-26,2.6,-2.8,2020-03-05
"		108",서울,2020-04-01,11.1,16.6,23.8,2020-04-16,6.3,1.9,2020-04-05
"		108",서울,2020-05-01,18,23.3,30,2020-05-30,13.7,9.2,2020-05-20
"		108",서울,2020-06-01,23.9,29,35.4,2020-06-22,19.9,14.8,2020-06-02
"		108",서울,2020-07-01,24.1,28,32.9,2020-07-09,21.1,17.2,2020-07-14
"		108",서울,2020-08-01,26.5,29.3,34.5,2020-08-26,24.4,21.5,2020-08-23
"		108",서울,2020-09-01,21.4,25.6,29.5,2020-09-01,18,13.6,2020-09-21
"		108",서울,2020-10-01,14.3,19.5,23.6,2020-10-01,9.6,3.2,2020-10-24
"		108",서울,2020-11-01,8,12.6,20,2020-11-17,4,-3.6,2020-11-30
"		108",서울,2020-12-01,-0.2,4,9.4,2020-12-11,-4.1,-11.2,2020-12-16
"		",,,,,,,,,
"	",,,,,,,,,
"	",,,,,,,,,
"	",,,,,,,,,
"	",,,,,,,,,
"		",,,,,,,,,
"	",,,,,,,,,
"	",,,,,,,,,
