created_at,user_id,name,progress_rate
2022. 8. 15,237a15a4c854a19f,이시우,100
2022. 8. 8,9e39ebcdb3e41fdb,경서희,100
2022. 8. 8,ccd9564adf22a5f7,지소희,36
2022. 8. 1,291ad78f3adfa9ee,최가은,100
2022. 8. 22,dfa8afb8ada36a4a,설서영,100
2022. 8. 8,e1bc2f79b2252fc1,임현우,100
2022. 8. 22,5f5c21784467c325,심주원,71
2022. 8. 8,b393c351989e9a3e,임하은,55
2022. 8. 29,bdbaf49e14c32419,서소은,67
2022. 8. 29,f6b5bdae7ecda1b9,곽강민,100
2022. 9. 6,b8887f758f427bbf,석우진,78
2022. 8. 8,72a814eeeb1ae624,현지윤,37
2022. 8. 8,b335fa2b62ce6889,신현우,100
2022. 9. 6,e2ed76e331e95a72,소은서,74
2022. 8. 29,f41cdf81cd51798c,설건우,100
2022. 8. 1,9ac1cc87682fea2d,공나현,100
2022. 8. 1,dba447d7c15e74c4,여소희,100
2022. 8. 8,a49a417981bb1b8b,양준우,100
2022. 9. 6,b5a63e9b523dbc3f,여지효,100
2022. 8. 22,738685b48fd7c6c5,강지유,100
2022. 8. 8,ff5223529725ee22,우민채,68
2022. 8. 22,37484de1aab5bfce,하서연,77
2022. 8. 1,e797edbdc56ad969,조유림,100
2022. 8. 29,f738175c82c75d16,서민채,100
2022. 8. 22,2b55923c9ec81728,김지윤,80
2022. 9. 6,c29c4ed1d11c9e33,옥지아,100
2022. 8. 8,e511cb395d54e77b,유민채,100
2022. 8. 8,5a1d5dcbdbcca181,지지우,73
2022. 8. 15,8ac5b9fae2f9dec8,차서현,100
2022. 8. 8,2b3a38ccc5a98d4c,정지유,72
2022. 8. 22,d1d25f9342c46688,소지효,60
2022. 8. 8,e4f2df9a2d2e12ce,한승아,100
2022. 8. 29,4a7c85e94c58456e,경채원,55
2022. 8. 22,57245231bdb44e18,윤민채,100
2022. 8. 22,5a7456855a3ef89d,지지우,100
2022. 8. 8,8f311f9d1162ef53,소서희,71
2022. 8. 22,3d7da7a58fd98f8e,경지우,100
2022. 8. 22,e7f1618141844cdd,예지완,100
2022. 8. 22,66697cd271f29685,오준서,78
2022. 8. 8,2a67ac582354c646,심성택,100
2022. 8. 29,472a8391ffec431b,차민서,100
2022. 8. 22,bf498a7695ed1f4c,강예림,75
2022. 8. 29,861b868e2c6ef4ad,차유정,100
2022. 8. 1,a44268f22ef29d8b,문우진,100
2022. 8. 15,ab38b832bcf1c742,석지유,100
2022. 9. 6,4a95e9812ee71b12,이승아,100
2022. 8. 15,8e21c37bcadcdd6d,최하윤,63
2022. 8. 8,e2faca6f7d2546fb,서준수,100
2022. 8. 1,33294d64f4938e14,양재윤,100
2022. 8. 29,b7343638f9c4b466,예지훈,100
2022. 8. 15,8749a4992d5b6646,지서영,10
2022. 8. 15,2de6b81ad89c3315,고태희,1
2022. 8. 15,d191bc2716f59528,박동현,52
2022. 8. 22,b6593fec9af7e25c,양서영,41
2022. 8. 15,f31643f2fd6af4a5,이수아,32
2022. 8. 1,bdc7aeecd579cbda,옥현진,3
2022. 8. 8,f3f3a4791d33594a,지하은,100
2022. 8. 8,6445897d51ee37d6,한민석,100
2022. 9. 6,76c9aa27e4a278e6,강지아,100
2022. 8. 8,4b1fdfebbfb37afd,온채원,100
2022. 8. 8,98c932ccc29fffe5,경우주,100
2022. 8. 15,9757f775d8467bdf,소지아,100
2022. 8. 15,8ac6153939161e56,예재영,100
2022. 8. 15,dfd2d59d3f6d2b9c,곽서연,100
2022. 8. 8,ed15f5db89e87136,윤지훈,100
2022. 8. 8,481ac67183f266b3,윤유나,100
2022. 8. 15,d55ad7a1546f7d21,고가윤,100
2022. 9. 6,a49b7fff9ebb2b48,옥건우,7
2022. 8. 8,3fb8c77737c82446,논하윤,100
2022. 8. 8,3e3194c6837a28ac,문재영,100
2022. 8. 29,4a66b2bf9a7a8a44,오도훈,100
2022. 8. 29,beca5355d9a8158a,곽지유,100
2022. 9. 6,aa8ee4bc74f857c9,우태영,100
2022. 8. 22,57f1413b7ae47a1a,강우주,100
2022. 9. 6,7b5e6252dacf866b,예준희,100
2022. 8. 15,6efefded4d773ed3,곽현진,78
2022. 8. 1,f44ece979c6dd81d,지승훈,46
2022. 8. 8,9eb254727cacd86b,차자영,32
2022. 8. 22,dcd8fa8fd3dc323d,안준우,100
2022. 9. 6,cc4f7cdd662e2ca1,김하은,68
2022. 8. 8,7fcb3f63e65aa878,정준서,15
2022. 9. 6,4d8b55a3c2ea5d5f,문태영,60
2022. 8. 8,dd11e11eb9d98d3f,공민채,100
2022. 8. 22,e98c822227f9be6d,현성택,100
2022. 9. 6,f62c77bb4f343cbe,설준영,100
2022. 8. 1,65f4535f38b4fa2e,안하은,100
2022. 8. 1,81d92667c2238cc9,우자영,100
2022. 8. 8,5cc64c7b32ed789b,지건,98
2022. 8. 22,1fb1d9883d2b3828,여준영,68
2022. 9. 6,211d23ad79734d7a,전지효,9
2022. 8. 22,82d88b3a9566582e,염태희,34
2022. 8. 8,bc9adbedf6bf1154,여우진,100
2022. 9. 6,dbfdd21e2183419c,곽주원,100
2022. 9. 6,c67524f3b89bf666,정지민,100
2022. 8. 29,de92894d3b39b9f1,소서현,100
2022. 8. 29,4746667dd326ab53,논현우,100
2022. 8. 15,f3d771a5db8623b6,경준서,100
2022. 9. 6,79caf963a7d131a8,안소은,100
2022. 8. 8,75385b45bf19be67,유주윤,35
2022. 8. 15,ba855666dc96256b,박도현,17
2022. 8. 22,ab16e8e4ddefbfa6,추정민,22
2022. 8. 22,7c2429d1a12cbe81,전성택,100
2022. 8. 8,fc1b4329a732c521,현지훈,32
2022. 8. 22,9dd8dd168e3db17f,우재영,100
2022. 8. 29,f4de6763dc9b1146,지건,100
2022. 9. 6,ad6b947e663cfe8a,차지우,19
2022. 8. 29,6b65eaa3bc8bde53,설예준,100
2022. 8. 22,c3d78b272df4f332,한하윤,64
2022. 9. 6,15c33b5a2b53f825,안서연,100
2022. 8. 29,73689eb1beb37b24,정지호,100
2022. 8. 29,642c9ec83d39465e,최민주,24
2022. 8. 1,e759ca2378c7f37f,현아린,100
2022. 9. 6,a74beeaf89e85d2a,온주윤,50
2022. 8. 29,82549d23911ff3ef,지민채,100
2022. 8. 15,26235b88724b35f2,유지우,19
2022. 8. 8,5f58e5e613debac6,조현진,100
2022. 8. 8,c69e1dfe16cf54d3,안지민,33
2022. 8. 22,76868f6f2d8a6c73,고규리,100
2022. 8. 15,ceaf6bded2d8c34f,신정민,100
2022. 8. 15,d9995654db656bc6,송건우,100
2022. 8. 1,9f2348c1777cde99,설소은,100
2022. 9. 6,23933e6a8524e8aa,염민석,100
2022. 8. 15,5b42e35ac146ac3b,예건우,100
2022. 8. 29,2a228548ec34b627,안가윤,40
2022. 8. 15,23cc71ad6f59b253,추민채,1
2022. 8. 15,6e4af179b51ddbe4,지하율,39
2022. 8. 1,bccaedc22f41e467,논지원,100
2022. 8. 29,faf19a5364b8aa5d,옥예은,100
2022. 8. 22,1e11ff2e22f26b17,송민서,41
2022. 8. 29,a4eeac947c41374c,하정현,100
2022. 8. 15,df6557ed2517a983,안우진,100
2022. 8. 29,b546944211bb96d2,논자영,46
2022. 8. 15,ffd18637922aab7a,설정현,100
2022. 8. 29,4ad81e9e8567f1e5,염승훈,100
2022. 8. 29,d831ae1176928d4a,방승훈,100
2022. 9. 6,e248e9478577522d,공지훈,22
2022. 8. 8,75245ac438587cb8,정서희,100
2022. 8. 22,8c9c13932dbec967,하규리,100
2022. 8. 29,f28538f759dd6bd4,구성택,100
2022. 8. 8,b22d7ff6c33b6d66,조우주,100
2022. 8. 29,6a61e952c7e6d511,최승아,100
2022. 8. 1,ceb52e22542229a6,석서연,100
2022. 9. 6,f2b356babbf43884,염동욱,1
2022. 8. 8,1f4874616685b9fe,임예준,100
2022. 8. 1,82c642d33936224f,양정현,100
2022. 8. 15,74764be5f6153dd1,온서희,100
2022. 8. 29,dfdb748584e82416,박지훈,56
2022. 8. 22,23972e8c9c33b48b,조승아,5
2022. 8. 29,6dce6ba3714b9393,구강민,46
2022. 8. 29,9bc936ac76de9c24,차준수,100
2022. 8. 22,aac12b91f31f422a,추채원,100
2022. 8. 15,cca5f6e65c2b3447,공현진,100
2022. 8. 8,ab4cf373bc641a41,추서희,64
2022. 8. 8,8b41a8934e9dabce,오강민,19
2022. 8. 15,97dbf86724168de4,차서영,100
2022. 8. 15,f11f311e77dc8f3d,염준영,100
2022. 8. 1,1eb7aca9d4ecdd4b,임시우,100
2022. 8. 22,1b886c9a3167eca8,논지훈,6
2022. 8. 8,2f731a379a756f57,변재윤,100
2022. 8. 22,4d2de4d25a2c8ca8,논지민,100
2022. 8. 1,beb4f148b6431a2d,옥유정,1
2022. 8. 1,b68aba9c4a7bb963,박지윤,100
2022. 8. 8,8b2866ec65cc67f3,예예림,100
2022. 8. 22,a3975c417f9dfabc,유다희,100
2022. 8. 22,dd973113f594aaa3,소유정,100
2022. 8. 8,a9adacfcc4d7fd5f,염주원,100
2022. 8. 22,da2a93b1bbcb74e3,윤유정,100
2022. 8. 8,d8fe96dfdd81a62d,현예림,11
2022. 8. 22,84b544e3793a6394,변현우,20
2022. 8. 8,85fe1c56b1c87b17,예승아,100
2022. 8. 22,f6236953bacf5319,공현우,61
2022. 8. 8,1639d526fa418835,온서준,100
2022. 8. 15,6d5b352a877354b4,조서연,100
2022. 8. 15,fcbf2a8f6f36e4c1,정서영,100
2022. 8. 15,89cf57422194242e,정지원,1
2022. 8. 29,4b284217e6e5e1cd,차서현,100
2022. 8. 15,5e1a7e537fb68cc5,온정현,9
2022. 8. 29,e8f98b333c8fe64e,하가윤,100
2022. 8. 1,f913dd27214c35d5,현아린,100
2022. 8. 22,9232fecfb578795f,논서연,100
2022. 8. 15,3a12b168d2e5e87b,고태윤,64
2022. 9. 6,e58cedd1f11f339b,옥우진,9
2022. 8. 8,fa2665ad814f9c43,온예은,100
2022. 8. 15,c769cc7f49e68b1c,온서희,100
2022. 9. 6,aea5c92bd5f211d6,이우진,76
2022. 8. 8,9a9ee6d45b1d88bc,심건우,100
2022. 8. 22,7e9abe67b1eaa565,소태윤,100
2022. 9. 6,c21f8683e6343725,심지아,79
2022. 8. 8,c2cd98239fa41935,조지효,100
2022. 8. 8,f331b7f7338151c9,논준수,100
2022. 8. 22,599667b9e31b756f,윤지완,100
2022. 8. 29,83d42a42f21eef17,송민주,100
2022. 8. 22,c59444f18e8fd541,염하율,100
2022. 8. 8,25ab64255a369f72,문서현,70
2022. 8. 29,d46db5f4269541be,정서연,100
2022. 9. 6,e1342ce6ad9e8d5a,문채원,100
2022. 9. 6,f3419c115eda318f,방건우,38
2022. 8. 29,44ed14a2f66fcc72,박은서,100
2022. 8. 29,644ef9fbc15228dd,변서현,74
2022. 8. 29,7623829b5b5f7839,강지완,57
2022. 8. 15,3cbdca798b1515a9,지하율,100
2022. 8. 15,f7774c137b11c37c,이정민,100
2022. 8. 22,5c21347b6bc4734b,이가윤,100
2022. 8. 8,8df94129ca49c777,오자영,48
2022. 8. 29,6d74ed4d69f9abbf,곽자영,100
2022. 8. 22,64f729daab52d9c5,윤태양,74
2022. 8. 15,ece712621d8c65a8,방서현,100
2022. 8. 15,676b9e479585e43b,옥하윤,100
2022. 8. 22,2dab594e819c3d1e,온건,7
2022. 8. 1,49f4ec5f6ffb7d1e,하서준,100
2022. 8. 1,2c76bb67aff1fe69,옥현진,100
2022. 8. 15,a5db6b88ff3d5358,우성택,53
2022. 8. 29,7fd5dd84cbb66875,최민채,2
2022. 9. 6,5b158649413e8b41,공서희,100
2022. 8. 8,2994cd5567cf7eaa,강소은,100
2022. 8. 15,aa5c25279be4c7d5,신지호,100
2022. 9. 6,f1f2b67161658e27,심다희,100
2022. 8. 29,c335442faf333b5c,설도현,100
2022. 8. 8,8b8b8391eeeeb58e,변재영,30
2022. 8. 15,b81586b7c32648af,온민석,100
2022. 8. 22,ad66a6a521165336,최지유,83
2022. 8. 8,68591e2321fb476e,박지우,100
2022. 8. 29,9e9fafb369134ed2,석하준,100
2022. 8. 8,3e96d6c1bfbc2b71,공소은,35
2022. 8. 8,3b455c5e235f44fb,박시아,58
2022. 8. 8,e6865944f7d34119,양민석,12
2022. 8. 29,7c44e732f8582afe,석시우,73
2022. 8. 22,a19278ec4e52aee2,옥태영,80
2022. 8. 8,7534e5117de23398,유승아,100
2022. 8. 29,cc472d3c8b14fd32,옥현우,100
2022. 9. 6,632b94a2ac1476a7,김도훈,100
2022. 8. 15,ed9a98c371e262a9,윤동욱,100
2022. 9. 6,51cd72b448913fce,설준희,100
2022. 8. 29,6d844c56b349a5ef,신지완,100
2022. 9. 6,a6fed964c731865f,심준서,72
2022. 8. 22,411e2cc1998cf1ce,송건,1
2022. 8. 8,31fc2629a9a5141a,차지아,38
2022. 8. 8,86328aaddfa634b1,염서영,77
2022. 8. 15,dd18cb6216955ba9,안준서,100
2022. 8. 1,fbe23c6ae8fc1f61,강가은,25
2022. 8. 1,433481236af7a4d2,현소은,100
2022. 8. 29,dfeaa414a1d8a52b,정민석,43
2022. 9. 6,2e3c67dc692f6785,옥시아,100
2022. 8. 15,dd14a6a6589c98c1,예가은,51
2022. 8. 29,eac13f1e65eab918,염서현,59
2022. 9. 6,39b17e6e769cff41,추하은,28
2022. 8. 15,bd9795a4f63f9149,방다희,100
2022. 8. 22,da7a3f26ff1ab728,염서준,100
2022. 8. 8,47abf87249abd22f,지지아,54
2022. 8. 1,13cc31c34e86e21c,서준우,100
2022. 9. 6,db7aacc1bb178411,문시우,100
2022. 8. 29,bb7f356662533d6e,방강민,100
2022. 8. 22,43a3f6f364e2e2e8,구현진,75
2022. 9. 6,fe3de3c3bd3543cb,차유나,100
2022. 8. 29,2dbac4c37afcf844,양시아,72
2022. 8. 8,ea83b5752b392e2e,임시아,100
2022. 8. 29,4ab7bde33fb2ee66,강서연,100
2022. 8. 22,88ceace3a47788fb,변지민,100
2022. 8. 15,d5af46bde987caf2,고준서,100
2022. 9. 6,a4a551e78b1514fb,고가은,63
2022. 9. 6,47bc18abf8dd317a,현건우,100
2022. 8. 15,7bb837d43591c9cd,문지우,10
2022. 8. 8,6242a864dc965cf3,강태희,51
2022. 8. 29,efcde1ffb12e5773,우지원,76
2022. 8. 22,c6f3baa687a5b6ee,하태희,100
2022. 8. 15,4a93544d7c3f1fcf,논소희,57
2022. 8. 29,7cf65923f4543181,옥동욱,68
2022. 8. 15,83bc75df47ccef35,하서연,11
2022. 8. 1,3be1fcf2ab614ce6,차시아,100
2022. 8. 22,64283811fa4ece7a,하주윤,100
2022. 8. 1,2698d3e64963cebe,이태윤,100
2022. 8. 8,58efb4d42232e6ab,문하준,100
2022. 9. 6,acdfe45a544276b4,유서준,78
2022. 8. 15,551b1a8c3d59e937,논하준,100
2022. 8. 1,8be9b8f3c24c9aa5,한지민,100
2022. 8. 1,23f63f221d4e36a1,공지유,100
2022. 9. 6,6faf585897e1d3a9,김태윤,100
2022. 8. 29,76ef86e11bc87c58,신준희,100
2022. 9. 6,43d15257d7141415,김아린,100
2022. 8. 8,77661d1c2c8d276f,변승훈,100
2022. 8. 29,ed75c2c9889124ff,차준영,100
2022. 9. 6,fa4454a8c8494baa,온태희,35
2022. 8. 8,1ba61d2e377c36a8,안예준,100
2022. 8. 15,bcadf9eb3e593bd8,온도윤,11
2022. 8. 1,5fa9ca3faed26f9d,이지민,100
2022. 8. 22,fce1a966cfde8d2e,논나현,74
2022. 8. 29,a3a7294848fc8ff6,설소은,2
2022. 8. 8,18fd3eb6916f9cf4,차현진,100
2022. 9. 6,11a5b75f74b1986f,경승아,76
2022. 8. 22,23a3ede861aba48c,하준희,12
2022. 8. 1,235fc6175a8c41fb,석도윤,43
2022. 9. 6,7856c5de99f3cb7f,지시우,11
2022. 8. 15,dc85beca34b84f35,서유나,100
2022. 8. 22,611e65a5a8c34a34,강건우,100
2022. 8. 15,8368dd299156661f,이유나,100
2022. 9. 6,266254cd2ac6f848,박동현,100
2022. 8. 22,773b6747e43c3d39,추소희,64
2022. 8. 22,18f996977c188153,현준영,76
2022. 8. 8,a7344811682c1354,소규리,12
2022. 8. 22,d1592ce1ccd6e5fb,곽지완,18
2022. 8. 22,55db1416d488e231,온나현,100
2022. 8. 29,8f27eccbd3aab6be,설우주,100
2022. 9. 6,6221ec264859d3a9,구유나,100
2022. 9. 6,af5d6fbd8eed8398,임지훈,100
2022. 8. 8,9ba9361dd2566998,최지호,78
2022. 8. 8,32c14c4d6b7242ab,윤도훈,100
2022. 8. 1,d92ce68b93a2b5e7,송하준,57
2022. 8. 29,b1bdb7319aaf7976,차서영,50
2022. 8. 15,586b2ccae64879fe,구유정,100
2022. 9. 6,15c85dccb64689f9,김자영,100
2022. 8. 8,774ae5db943ecf32,임수아,100
2022. 8. 8,7348bc136ea2958c,옥지훈,39
2022. 8. 22,2c6dd9c6d3146898,송우주,100
2022. 8. 29,fd6347d89e3ef6c8,추규리,100
2022. 8. 29,8d5fe88477ea29a3,우재영,100
2022. 8. 22,cf9d31181f4af2b9,신민주,100
2022. 8. 1,d5c93329c1e9d384,문서현,100
2022. 8. 8,5161f16c928dbfa4,전지호,100
2022. 8. 8,e96b387b46927c73,염동현,100
2022. 8. 29,e6f9acbe32fa9c73,박강민,96
2022. 8. 1,192619c81a18b4a7,문채원,100
2022. 8. 22,2b353399e8a988d3,유은서,100
2022. 8. 22,efa9acf5f49dee29,전주윤,100
2022. 8. 22,d36c812e9619653d,석규리,100
2022. 8. 29,3694635ee5a93393,조지윤,65
2022. 9. 6,496cac966a9689c7,옥시우,100
2022. 8. 8,fcf6bafffdec5d4c,우정현,5
2022. 8. 8,17e674da412daddc,심재윤,100
2022. 8. 1,33dd1fa15563b113,변주윤,100
2022. 8. 8,a11f3ba3631b34ef,안유나,100
2022. 8. 8,dbd996b4965a959f,지도훈,31
2022. 8. 29,fcf67567e348a84c,강시우,100
2022. 8. 29,45a75e872d565831,논지호,45
2022. 9. 6,a9f7b4a81b8c5be7,논지민,100
2022. 8. 29,644d71b2d823de24,논재윤,100
2022. 8. 29,f2e57f6ccc21f733,양지민,100
2022. 8. 8,7c2c62c9ae18a5a5,송유림,100
2022. 8. 1,2f6896b2d49c48c4,송소희,100
2022. 8. 8,186b21574a5f387e,석성택,100
2022. 8. 8,38b58268ca1743f1,지태영,60
2022. 9. 6,44db1a58531a7a1d,차민석,100
2022. 8. 22,db957dd41711e49e,추민석,66
2022. 8. 29,5f2757f3ddb3b2a9,유우주,79
2022. 8. 15,eccb73d1a69937f3,방지호,100
2022. 8. 1,84e846c22e2b868a,옥나현,100
2022. 8. 8,46aebdd6319948cc,강지아,27
2022. 8. 15,5b61e8ba234eda32,송지호,9
2022. 8. 1,1bfc76b7e587d19b,문소은,100
2022. 9. 6,97171b72d193f91d,변준영,100
2022. 8. 1,db9757ffd7d745dd,조서연,100
2022. 8. 1,4641b6fc8edfaafe,김정현,100
2022. 8. 1,5f8e2f571dc81edc,최도훈,100
2022. 8. 8,5bc7e9fccff22f84,문도현,10
2022. 8. 22,9e4cd2d9eb569bc7,김지훈,100
2022. 8. 22,f11fee917a7dd436,강강민,100
2022. 8. 29,de24574beeb7e169,곽시우,3
2022. 8. 1,a8188849acd22a16,박지윤,100
2022. 8. 1,622b35edc8b546e8,서주윤,100
2022. 8. 8,fa8eb5df723fe948,하재윤,0
2022. 8. 8,4c8e17e2cd6d8bb4,추민석,100
2022. 8. 22,ff49a6354acb2b74,김지우,100
2022. 8. 8,5d96db888bef3bbf,온도윤,100
2022. 8. 15,956e45ebd6bd47f7,지민석,100
2022. 8. 22,345d5a4d38b2bf4a,현가윤,100
2022. 8. 29,c31ea783cdec7296,강준수,100
2022. 9. 6,59dc86d173db4247,신은서,64
2022. 9. 6,ee38d3f4af142764,유규리,100
2022. 8. 15,712413baa6c2eba4,심민주,100
2022. 8. 8,e2e865ec8b8de3ac,양승훈,100
2022. 9. 6,8c9f3ea682453d4a,추민준,100
2022. 8. 22,dc71c2f54169f64c,안소은,27
2022. 9. 6,3ce8e2afc7a9ec7a,윤성택,100
2022. 8. 8,6b81b2fadc4e14a7,조시아,100
2022. 8. 8,3727a63496ffd3bd,설우진,100
2022. 8. 8,79dc81dc471e69b1,조태희,100
2022. 8. 8,4fdf7286d28cf8b6,최재영,100
2022. 9. 6,3343e78497992628,서유정,54
2022. 8. 1,7cefc35bd22c82f8,염주윤,100
2022. 8. 8,392ce586ed27c6b2,우민석,100
2022. 8. 15,cbfcf2b3a3c59d23,윤태양,2
2022. 8. 22,53bc632a851436e3,강서연,100
2022. 8. 29,ac975f5598e35932,문재영,8
2022. 8. 22,7df988d79a7dde45,구준수,100
2022. 8. 1,75af69c9f543c3e5,소준수,100
2022. 8. 29,d2b1c7f21838a97a,곽지원,30
2022. 8. 8,8f68f1855cc2217b,소지우,69
2022. 8. 29,454a5627f9cc4df5,차소은,100
2022. 8. 8,aac857853736f57b,고서연,100
2022. 8. 29,bab42a34a81bc68a,지건우,34
2022. 8. 8,15a8fba6dc719c28,강유나,57
2022. 8. 8,ef96ad165c31e6b3,박소희,100
2022. 8. 29,aec58125477d6cad,최건,100
2022. 9. 6,46cb5c4746689c59,논나현,50
2022. 8. 1,b5548ff3362182ff,최은서,39
2022. 9. 6,1a3de1a144b9d98b,곽준희,100
2022. 8. 22,e283a79b7a8de2eb,박정민,77
2022. 8. 15,35b38f45e9eccbb2,김서연,18
2022. 8. 29,7dd7e253ffa1eb31,김준수,100
2022. 8. 22,5eef164bb26976c9,차서연,100
2022. 8. 8,bc93cbf366fbbeb7,소민채,27
2022. 8. 15,9f1dd6fb76cb7537,오규리,15
2022. 8. 1,73d67315bdfb8f19,김태윤,100
2022. 8. 29,b6d77f8b2cbd1d2d,경하준,100
2022. 9. 6,7de5c895b81f81fd,최지민,38
2022. 8. 29,b1d282a8a8b783f9,차태윤,100
2022. 8. 29,f3851a7949b6a759,곽다희,90
2022. 8. 29,359c2e5bf4387d7f,임강민,100
2022. 8. 29,794b7a6123247ddd,서지완,2
2022. 8. 8,cffdbae13426cb71,지예은,69
2022. 9. 6,d92bc164bb76d69e,정수아,59
2022. 8. 29,36e7c14afaaac975,최하은,100
2022. 8. 29,af9f5a544da8f521,안재영,100
2022. 8. 29,2f3bb55381d93296,우강민,100
2022. 8. 8,3fb9a44432f99394,정규리,100
2022. 9. 6,dbc429ae4af18365,임준희,100
2022. 8. 29,91eee3c22854de18,곽지훈,100
2022. 9. 6,4421553e23ad7ea4,신유나,34
2022. 8. 22,762b5ad3136d29f2,조하준,48
2022. 8. 29,3caa3426ec6cb5ff,염건우,67
2022. 8. 29,abb18ec3b526f58c,현지원,100
2022. 8. 22,2438bf13b2fcefcc,신동욱,100
2022. 8. 8,589ea8ebee5c7185,현도윤,100
2022. 8. 22,3ab9c979d862aade,유정현,100
2022. 8. 15,3c563f2bc5d3be62,김동욱,100
2022. 8. 8,f928189a47a19c9e,신소은,100
2022. 8. 15,4c94312c1f53fece,신승훈,100
2022. 8. 8,6cecacc9b962b838,구가윤,100
2022. 8. 29,81993b4e99e8a8d8,심예림,100
2022. 8. 29,2282651e153bce3b,방서연,100
2022. 8. 15,e5d2c447e62244f2,현준수,100
2022. 8. 8,256d5b841f3ae36d,지민채,56
2022. 8. 8,e275bc27e75fb6d8,박은서,100
2022. 8. 1,c9424e3fd5f7cdfc,조은서,100
2022. 8. 15,bd8e9d24c67ebce3,신서현,100
2022. 8. 15,d1977cf16b7d62bf,안서현,61
2022. 8. 29,2cda282531ef7aa6,차태영,54
2022. 8. 8,1a4259bcb73b8615,송지호,100
2022. 8. 8,a8ab5a426be8f1ad,현태윤,100
2022. 8. 29,c4b7834ea5eec4b9,옥태양,100
2022. 8. 29,1dff3d7ab88341e5,예건우,100
2022. 8. 22,262d7dd77ee8db5a,구태영,47
2022. 8. 22,e1ea6c4e53a37ec4,현지원,100
2022. 8. 1,bda6bead165388f1,차민석,59
2022. 8. 15,322a94a5f9b2e3cf,강서준,53
2022. 8. 8,eb165327a41db515,강태윤,58
2022. 8. 8,8e23211e366bb3f5,옥태윤,100
2022. 8. 29,299376fd1ffe6bc2,오도훈,100
2022. 9. 6,9b7e3853dae4612d,정민채,100
2022. 8. 1,6d323b4aeefa6c54,박우주,60
2022. 8. 22,b678d5b39b8741c4,정유림,100
2022. 8. 15,6b64dc46dcd73476,지건우,100
2022. 8. 1,9a396961f88f1777,경가윤,33
2022. 8. 15,ccd2e4ed96f723f8,석지아,100
2022. 9. 6,1bd6b5975f3fe8ac,윤우진,52
2022. 9. 6,28ec4dfd896a64f7,신도윤,25
2022. 8. 22,82251fa66326a3f5,추주윤,100
2022. 8. 8,fe6634a37f5a32c2,여정민,20
2022. 8. 15,5c7b4fc15841856c,곽민서,79
2022. 8. 22,5c91fbcc936d23fe,염하윤,100
2022. 8. 15,3ea89cc1863f267a,심도훈,100
2022. 8. 15,c49fb414217a7d25,지승아,60
2022. 8. 29,89ce22ca2bec2ebf,심서현,100
2022. 8. 15,f813c8f7bde7e7e4,서다희,100
2022. 8. 22,cbfb3912fd5b9ab7,심정민,100
2022. 8. 1,b7b319186f84ba97,조나현,100
2022. 8. 1,11757bc7498c2456,심유정,34
2022. 8. 15,afd638df3de8dd79,박승훈,100
2022. 8. 22,c45f13bb114f9ccf,방서현,85
2022. 8. 15,6e1ed5b67235e315,온건,100
2022. 8. 1,aa6f4df4519de682,김지윤,100
2022. 8. 15,9dde5ff2e1a421e3,예예림,57
2022. 8. 15,e97628a132c5c224,설우주,100
2022. 9. 6,8551a66edddca3f8,김규리,100
2022. 8. 8,8a8ff8df7c575a53,심예림,100
2022. 8. 29,fb291142bd35fcba,윤민주,100
2022. 8. 15,8286467634821a72,석준수,100
2022. 8. 29,c7899e874a5f9774,공소희,100
2022. 8. 29,38d6dd939c69e984,예동욱,100
2022. 8. 8,1e13675bfed24bbe,소도윤,100
2022. 8. 8,42e39ed41db51785,조재윤,37
2022. 8. 8,1c8cf84f8b732c6f,옥재영,100
2022. 8. 29,444bbe27f4d2a3d6,여지완,100
2022. 8. 1,be645e19b566e352,설태양,33
2022. 9. 6,9424f9c2bfaeb634,전준희,100
2022. 8. 15,443773a2e22c66e4,예하율,100
2022. 8. 22,ca755e11ae21b3f2,임채원,100
2022. 8. 15,c1cbdf597b5ceb4b,김태영,0
2022. 8. 22,d9c57d12c31f6922,여지완,100
2022. 9. 6,1d71621f8a152f5a,양민서,8
2022. 8. 8,4b2865ad881e972d,조가은,100
2022. 8. 29,963e3c6192c2dd1b,논지훈,79
2022. 8. 1,d3141796545ca19a,정지유,75
2022. 9. 6,6d1e9b918cbb5ff9,경예준,100
2022. 8. 22,dfc739a55d524f25,소시우,100
2022. 8. 22,9275f9eb9f315bf9,차채원,100
2022. 8. 15,941427e3f2df9ad3,조규리,100
2022. 8. 29,a165d428af3d52d3,곽민석,72
2022. 8. 15,ad3ac62ba985c8f5,전지호,100
2022. 8. 29,f9e3b4cd37137a78,차하윤,100
2022. 8. 8,bab172f5a9b226ea,옥동현,35
2022. 8. 15,6a2e8ced7567fe31,지민준,100
2022. 8. 1,abceca5c2f5edd69,현동욱,100
2022. 9. 6,5d717cfb4b43a646,송하율,100
2022. 8. 29,1fb26e42715e57f2,공태윤,100
2022. 8. 8,76c2263f11ba765a,여민서,37
2022. 8. 15,898e46f2fc99e8ce,안민주,47
2022. 8. 15,e3e82ab229ef5627,하수아,100
2022. 8. 1,b4c71a5176f71f79,석성택,100
2022. 9. 6,3ebfe59c8a3c1891,예우진,100
2022. 8. 15,ac477fd89c68ae2a,방민준,84
2022. 9. 6,6715cb97159a7e7f,전유림,100
2022. 8. 15,47c84532db9372a9,차시아,100
2022. 8. 15,d9852493a8de2c93,온동욱,100
2022. 9. 6,8b4dbffb1c42f265,한예준,100
2022. 9. 6,436f4aaf9e948192,고소희,80
2022. 8. 1,2fafc4a27b4744bc,강예은,100
2022. 9. 6,3e572a957ac6773f,여지원,100
2022. 8. 15,cffecf7f77d3dea4,구유림,63
2022. 8. 29,f1f2ac91ea79df22,하시우,24
2022. 8. 8,83e77e4add426b6b,추유나,8
2022. 8. 29,2a65a532e655d8ac,현소희,100
2022. 8. 15,751f57ec562d11a6,경예은,100
2022. 8. 22,34a76ec8435d753b,현태희,79
2022. 8. 29,fbc2bcd85faf5221,고민주,11
2022. 8. 29,2f39735a48614b5d,설정현,11
2022. 8. 22,ecac7d738328ae4f,온준영,100
2022. 9. 6,5ef11eeb9d1fa22d,박태영,100
2022. 9. 6,f2acac7f5959b27d,문재윤,100
2022. 9. 6,43b3feed47c41176,심예은,94
2022. 8. 22,4f81d81dd78d24bc,방서연,100
2022. 8. 29,1182cbc7b41ecd95,문소희,96
2022. 9. 6,4aad133ae1f35448,온건,100
2022. 8. 29,b96dd7372d299758,방예준,100
2022. 8. 8,9841bf324517cfe1,안도윤,29
2022. 8. 22,651bfcf76b56f7d8,심가은,56
2022. 9. 6,5adcc311cf49b3ba,조지호,18
2022. 9. 6,84a2f5c372f6ebd4,경민준,100
2022. 8. 29,3258b72a6841bc59,곽우주,8
2022. 8. 22,125dc162c44ca342,정지우,66
2022. 8. 1,59aa6dbb81ebe7db,예지유,32
2022. 8. 22,7f2abb915973b5b4,임도훈,100
2022. 8. 1,3e95a45fb2e466e7,우승훈,15
2022. 8. 22,436649bf39feb53b,구태양,100
2022. 8. 8,3a74ffd546425c84,임나현,100
2022. 9. 6,a969ac9ede9336de,이동현,100
2022. 8. 29,c87147e5f757514f,심지민,61
2022. 8. 15,912e3229199f911a,양정현,100
2022. 8. 15,e8a6a955ec7ce963,송민서,34
2022. 8. 29,aca7c9453d2efde3,신채원,1
2022. 8. 22,fba63d7fb63adca9,하태희,100
2022. 8. 1,98631eb8feaf12fe,한재영,100
2022. 9. 6,92edec2e17513689,방태희,100
2022. 8. 15,23a32251755113ed,신예준,100
2022. 8. 8,8ca9fbbf28b1ed77,심민서,44
2022. 8. 8,174fbeb57dff12ff,유예림,21
2022. 8. 15,a673ae279992bc5f,차다희,84
2022. 8. 15,bf2a1d426283b442,예승훈,100
2022. 8. 22,c8ea8cc7ec58ec26,신주원,2
2022. 8. 22,cb5844475822a67f,경자영,100
2022. 8. 8,964777ec8bfce767,양지윤,100
2022. 8. 29,a8a3be952649a9e5,예가윤,100
2022. 8. 15,69a4ba6f93443faa,경주원,12
2022. 9. 6,54b98c9e75122cc4,윤시우,100
2022. 8. 29,da8ae8a3cbfa8454,차민준,41
2022. 8. 15,867535341848f6c3,지시아,100
2022. 8. 22,a2cc15a35f147fdf,옥가윤,100
2022. 8. 15,1fb26a8c93d4b9b7,강동욱,100
2022. 8. 22,d79121e483e324ca,석예림,100
2022. 8. 29,c83291d2dfc7e6bb,김도윤,100
2022. 8. 1,bedddb3a26982621,전나현,100
2022. 8. 1,f68ed775eeb8952a,옥건우,51
2022. 9. 6,1763cb48fd3c8276,한민채,43
2022. 8. 15,f2e5f47dfffdd611,현하윤,64
2022. 8. 15,792dd63a66f11a82,차동현,80
2022. 9. 6,d4b47da231368dee,온건우,100
2022. 8. 29,661e48e1a57c7791,한유나,60
2022. 8. 22,d27b7962a35ad522,차지훈,100
2022. 8. 29,c12aad35f16cbee2,방강민,100
2022. 8. 1,27c91146c9a65335,양민서,100
2022. 8. 1,a233f273ee52ff47,경유정,100
2022. 8. 8,b67d7f86639eff6f,강민서,100
2022. 8. 1,4a9f2ed43555c18d,경유정,100
2022. 8. 1,1e677559af9db9f6,경지원,100
2022. 8. 15,f73812349e6417ce,구준서,39
2022. 9. 6,482df4ef2f8aa438,논수아,100
2022. 9. 6,bd7f55fe9e4e9ce8,옥가은,100
2022. 9. 6,691f159f42ebaded,문나현,100
2022. 9. 6,4b1c1c4a42cf7168,양하준,100
2022. 8. 1,2df4e13127f99b22,정지효,26
2022. 8. 8,9e1f4be1c224a8aa,소정현,100
2022. 8. 1,c5984ba3c28eded9,최채원,100
2022. 9. 6,a6f5858c3955f3b2,하도현,100
2022. 9. 6,1663b4564a468ea3,추우주,2
2022. 9. 6,2ef38b8545577dce,유시아,27
2022. 8. 15,b7c7b373f312b56e,지현진,100
2022. 8. 8,7419a4465ebd4e8c,차우진,100
2022. 9. 6,29d7afc283bb8df1,설하준,100
2022. 8. 15,5312686c189c76f4,안예은,52
2022. 8. 1,74cb9b7848e7a7c4,이지원,68
2022. 8. 8,51a4f6e82e985bab,차동현,31
2022. 8. 1,86e72a5ec26d66df,임가은,100
2022. 8. 8,5d624ca6c21663a7,송태영,29
2022. 8. 22,9763a4ecf5dfafaa,공동현,100
2022. 8. 8,bc9f187de2c5d45b,공예은,19
2022. 8. 15,294a148bff344f9e,석서희,100
2022. 8. 8,92ffa87bb16fbc26,논준수,100
2022. 8. 15,8c259e2e1eda3e5a,오지완,79
2022. 8. 29,a6f5f85b64913cef,차시아,3
2022. 9. 6,e761f19117575411,현우주,100
2022. 9. 6,6a55dbc751942171,양지윤,100
2022. 9. 6,12aa2b9b28242ea4,지태양,100
2022. 8. 1,254ab812aaac19b3,예우주,30
2022. 8. 8,45f372ecf78b51cc,논동욱,100
2022. 9. 6,4cda51815e8af677,한수아,100
2022. 8. 15,459521131fa5cfe8,지하은,100
2022. 8. 22,be63ac1482b7a543,서아린,32
2022. 9. 6,8d3fd23eb9a4ffa9,공하준,100
2022. 8. 29,85dadd6855185c44,방현진,50
2022. 8. 8,3798a9ec531f78bd,염강민,100
2022. 8. 22,3a732a86453436d7,신은서,30
2022. 8. 29,aaba58abaedf1cb1,소아린,5
2022. 9. 6,6a243d7f6f28c197,유민준,100
2022. 8. 8,c468887ceaef916f,소우주,100
2022. 8. 8,44f24d6bce3b684d,서시아,50
2022. 8. 1,51cf3ed539f7ba87,유은서,100
2022. 8. 8,82e4919e3df554de,정민석,100
2022. 9. 6,7d4c6bcbff4ca6a7,박예림,100
2022. 8. 1,e582ce9cf5b27e1d,변태영,100
2022. 8. 8,2e174d65b7f19f13,강소은,100
2022. 8. 22,bafcb994f3362f8b,박지호,100
2022. 8. 1,d528697b856d12ee,윤자영,100
2022. 8. 29,1722579bf1d8edd2,심지아,15
2022. 8. 22,1b678aa889446953,정지아,100
2022. 8. 22,8c693f162b228716,신승훈,100
2022. 8. 15,82499b81452f7141,현정민,100
2022. 8. 29,f9b41abc6dd766dc,우수아,100
2022. 8. 8,853faf348b838cc3,변주원,100
2022. 8. 22,774d9c7a897cc9d5,김성택,100
2022. 8. 8,d3f69e7fc5ecced7,구다희,10
2022. 9. 6,7a6335baa5249cf6,추아린,100
2022. 8. 8,d6cbfc7481b6eac9,경승아,32
2022. 8. 8,df9bb23ef15aaf4d,석하준,100
2022. 8. 1,f71eddb6be2ca69e,예지윤,74
2022. 8. 8,4421f96ac5e15e5d,정민주,100
2022. 8. 29,9aadf9a197ec585a,심지아,100
2022. 9. 6,c264ef8e2e268747,안승훈,90
2022. 8. 15,78d8df853e4c9fb7,최지아,35
2022. 8. 1,cf45942e7e4bfaca,이건우,100
2022. 9. 6,987396d514839ecd,신지윤,70
2022. 8. 8,5ecf6e21a3b9bb8d,현예은,76
2022. 8. 15,52f982fcab3d7b92,현도윤,100
2022. 8. 29,b23b8b23526fbe57,추지유,51
2022. 8. 15,fb15324cca72fddd,구나현,19
2022. 8. 1,31461ed9a5e3a7da,오가은,100
2022. 8. 29,832db5dbda393a7a,지서현,100
2022. 8. 29,5fde336d21f4a893,지서연,100
2022. 8. 29,77af45ceb618f716,임준우,73
2022. 8. 8,efc9447cb5b2f9aa,논가은,100
2022. 8. 22,491e748a17a6777e,조태양,100
2022. 8. 8,e3f5beafd9fe891e,소우주,100
2022. 8. 8,1d92ff6157f572c8,김지우,100
2022. 8. 1,d98a31713c7725ec,온시우,100
2022. 8. 15,2b1bccabb4eca3c4,임승아,42
2022. 8. 29,93656c6e4e59fc7c,이민석,79
2022. 8. 8,dbd5ce4f42ae3672,석동욱,100
2022. 8. 8,5c194e4a857876d6,양채원,36
2022. 8. 29,9badafad58123d59,설도윤,100
2022. 8. 29,1f2f51e6f1c9c4de,변유정,100
2022. 9. 6,d86e4c18f7a4e96d,방유정,100
2022. 8. 8,e8ddae9a7aebf444,하도현,100
2022. 8. 29,d6f5dc641e7e5bf9,지유림,16
2022. 8. 22,1874c775c4d511db,박수아,100
2022. 8. 15,ba92c9ebe8eadf93,예지유,100
2022. 8. 8,5ab4c251a1de4137,논하율,58
2022. 9. 6,b39176fb2d9f675a,신은서,100
2022. 8. 22,7e9686284d3e8f8a,임나현,100
2022. 8. 8,d792d6ec91e93f94,구지우,100
2022. 8. 15,8672c165cda3264b,석도윤,100
2022. 9. 6,ba5f429f535d578f,최다희,100
2022. 8. 15,8165a13d5458ae4f,석승훈,100
2022. 8. 29,4113dae784c64d15,방소희,71
2022. 8. 22,125e728e429a2fea,유지호,100
2022. 8. 22,4b31b5ae3c3ede83,임소희,100
2022. 8. 8,e4e2ee9b615576eb,전우진,100
2022. 8. 1,b3739c33ca5a41e1,추지효,20
2022. 8. 1,f686ce1e8dd435d1,박도현,46
2022. 8. 1,412ed4bbf5139b9d,서태윤,100
2022. 8. 8,9816b4f9fb8aa166,옥다희,100
2022. 9. 6,2654d6519a58776e,조서연,3
2022. 8. 29,25651b242d6a34cc,오자영,100
2022. 8. 8,9e8e39a115e74969,윤준희,100
2022. 8. 1,bce55d8cc7dfd97f,한건우,44
2022. 8. 1,487cac2c7e14d1e3,염수아,0
2022. 8. 8,c2753bc27b1aba56,옥민채,37
2022. 9. 6,886648866c48d36e,강유림,0
2022. 8. 15,cbeeabfc5643818f,한재영,100
2022. 8. 22,313fa8fca499ac2e,서서연,100
2022. 8. 1,b6fc771c16dab244,공태윤,27
2022. 8. 15,bd2da966de187115,고서연,100
2022. 8. 22,1e17346ce779ce96,이서희,100
2022. 9. 6,9f4efa8fffe7d488,지하준,100
2022. 8. 8,c7e4299443d953fb,김시우,14
2022. 8. 1,433239c3a25ea9fe,지민주,40
2022. 8. 15,9137d9bf4a62d888,윤지아,36
2022. 8. 22,767a75df21d2d597,임서연,100
2022. 9. 6,cba2328af125b6e8,오지민,49
2022. 8. 15,4ae5f46922ec2633,임준수,6
2022. 9. 6,9f6f1785d9d45c5f,여태희,100
2022. 8. 22,2aa44f3fbb7f6fcb,정승아,100
2022. 8. 29,4a42c482be47ebf5,곽하윤,63
2022. 8. 15,965e284e15d2bd3a,한아린,75
2022. 9. 6,53c883e9612e9d97,안지민,53
2022. 9. 6,ad2fa11b4a86886d,한민준,6
2022. 8. 22,8eda3a1522ed2fd1,지예림,57
2022. 8. 15,c1bf9a4dabdcaeb5,경재윤,100
2022. 8. 1,5bfaa4621b3e4f29,현다희,66
2022. 8. 29,8a1bcc91eec7cd3b,하동욱,100
2022. 8. 8,7cf613dcc83f858d,조서현,100
2022. 8. 8,1e32cb3edb738979,강정현,61
2022. 8. 1,36a1c87f5dcba421,지나현,100
2022. 9. 6,218ac839135d12a3,서승아,9
2022. 8. 8,53f2dcb1fc1fa6d3,임건우,2
2022. 8. 8,18283f4388aa7e56,안주원,100
2022. 8. 8,1ccb99ae53ae5d9a,유지훈,100
2022. 9. 6,fdb3dbbdd1b193b8,윤지훈,100
2022. 8. 8,b91e7f9a4c47242c,김규리,36
2022. 9. 6,afa2f2a6b1a31e17,고민서,28
2022. 9. 6,9eb58dd6c78f9d71,석강민,0
2022. 8. 22,9cee6598e4268c17,추하율,100
2022. 8. 29,2a268ec3d81f38ac,지서희,100
2022. 8. 1,c333f496b64d1c47,전가은,100
2022. 9. 6,56f72e4f1df8e9b4,박정민,100
2022. 8. 8,c26e378f92b6538f,염하율,100
2022. 8. 29,3d9cd2efa225ce91,하재윤,100
2022. 8. 1,4da5152f868a4ede,방재윤,14
2022. 8. 1,b5449432667fce5e,석가윤,100
2022. 8. 15,2ccb578b7ea594e2,경다희,7
2022. 9. 6,94fa2847ce38ca1f,서승아,100
2022. 8. 8,ae77a759986658d2,심건,54
2022. 8. 15,7ea841698a35b391,임현우,100
2022. 8. 1,3b3cf91584deaff3,방도윤,100
2022. 9. 6,9652c5e78856caa5,오정민,100
2022. 8. 8,bd55fc59fe6b3e66,강승아,100
2022. 8. 1,3a235ab9efa99e5a,서준서,25
2022. 8. 8,7fa88de232a3f23f,전민주,90
2022. 8. 15,351f25994234dcfc,추민준,100
2022. 8. 8,f526519136f1141a,추건우,100
2022. 8. 29,de1d972a9d1d6292,변동욱,19
2022. 8. 1,d5797f2d6e8874db,한규리,100
2022. 9. 6,d4c94afeae8ac921,양우주,100
2022. 8. 1,74948b43be2bc79a,논성택,100
2022. 8. 22,f347b2714aa8d8aa,현준수,29
2022. 8. 22,2bb32bfefa614bca,김서연,100
2022. 8. 29,6654f2326632d53e,우태영,100
2022. 8. 8,d3dfd9c771785444,여다희,44
2022. 8. 15,de1a7e8ad6dbb73a,추유정,35
2022. 8. 8,cf2ffc8d293eb178,염지원,100
2022. 8. 29,4ffd4132b9ce885c,설민석,100
2022. 9. 6,cde9238dfa9515c9,설건,100
2022. 8. 8,f4f356c326eec5be,고민석,100
2022. 8. 29,bf8ff7625e3a862b,이예은,61
2022. 9. 6,a178c1d9a8dcd64f,박지호,100
2022. 8. 8,26bfaa8965f5eb98,한시아,58
2022. 8. 15,b27cf3953fd94437,추재윤,100
2022. 8. 15,36ba98c27975f2d5,설예은,100
2022. 8. 29,1457b67e532cba64,하수아,100
2022. 8. 22,d157fd386a8ee23c,방민채,4
2022. 8. 8,5bef2f4d9ddaa66a,공현우,100
2022. 8. 29,68f44aa86c4773ef,한가은,46
2022. 8. 8,36e444e4637e9b87,공현우,60
2022. 8. 22,761d388e3f9d53af,석준희,7
2022. 8. 22,f8a84e67994bc5c2,정아린,100
2022. 8. 15,8c1d352bf56e8238,이지윤,52
2022. 8. 29,31fec1faec97ef1e,고준우,13
2022. 8. 15,c4b522c1312c8762,온지우,91
2022. 8. 1,198cf2f81faa2e91,신지아,100
2022. 8. 15,8b556df9414c4782,심재영,100
2022. 8. 8,b747d5ee5815f423,한자영,100
2022. 9. 6,b9b43c6ce394db6a,추강민,76
2022. 8. 15,844cedb515effdf2,설서영,100
2022. 8. 8,f65aed8ae7cf1f3e,김가윤,100
2022. 8. 1,9cf95bfea6c98db5,하우진,100
2022. 8. 22,a72e2ca64d3aa514,심하율,100
2022. 9. 6,e338b53c2147846e,김현우,100
2022. 8. 15,6e816e29b9597f27,석소은,100
2022. 8. 22,1ce23c9679c61d59,설수아,100
2022. 8. 29,ebef18c75d4d989c,설정민,73
2022. 8. 15,2541ff562c9ad9be,강민석,100
2022. 8. 1,2fef21b11ecabbbe,지서현,100
2022. 8. 15,7f52738cf6e72463,하시우,100
2022. 8. 22,a8822242732625d4,한채원,100
2022. 8. 15,711ee6887bd212ee,정서연,100
2022. 8. 22,542aebfb519e1d2a,한소희,100
2022. 8. 22,8125c7147aca64ac,차지호,11
2022. 9. 6,f9a7f595ca976c15,공예준,100
2022. 8. 29,edd8c36b57eae4e8,강시아,60
2022. 8. 15,548b7fac71fde524,예강민,34
2022. 9. 6,4b36fefc9b2c2d7f,우현진,100
2022. 8. 1,e18abd25e19dc762,고수아,30
2022. 9. 6,b64d74ceb86642c5,조수아,52
2022. 8. 1,8c862558b4c4f5cc,석나현,4
2022. 8. 15,e4e2a7978d8c7ced,경우주,100
2022. 8. 29,fed4436758f659c9,곽우주,100
2022. 8. 1,33ec8eb6df5b534f,오서영,100
2022. 8. 22,7f8c1f35c612743b,차채원,100
2022. 8. 29,f94dfa43c32f68b3,고우주,3
2022. 9. 6,c39f5ec34ac14baa,한우주,100
2022. 8. 15,4583f47b6a8c4c21,옥서연,100
2022. 8. 15,616d7b4efd26846b,소승아,100
2022. 8. 29,f29ec4c458c261cc,강하율,26
2022. 8. 15,499b4d3bdf33e63c,곽준우,100
2022. 8. 8,52a33912c31c7f6c,석건우,47
2022. 8. 8,5963bacd1b55337f,이준우,100
2022. 9. 6,b5c3f6fdbb9f964f,한준영,70
2022. 8. 1,c44922d8538d5c3a,임하은,15
2022. 8. 1,9a4d231153397c85,심준우,100
2022. 8. 29,f47e6733565213ae,옥태윤,40
2022. 8. 8,7183d84ed889f184,고태희,100
2022. 8. 29,9a6e6a8432e2f42a,방태양,100
2022. 8. 8,5b2f3c27f5db7215,우하준,5
2022. 8. 29,cc83b98af7392afe,유채원,100
2022. 8. 8,79769bd15846d2d6,여건우,100
2022. 9. 6,dcd82ac86bd959bc,방준우,100
2022. 8. 15,e23fdbdc64722e9b,우준수,100
2022. 8. 8,df547615c44725ae,예하은,53
2022. 8. 8,47f8c6e4b149eb52,서재윤,45
2022. 8. 8,212b89efb78c2e13,공지완,100
2022. 8. 15,4cb579d2d9f7384d,문도현,100
2022. 8. 15,35ef9646e4dcd2e4,이유나,100
2022. 8. 15,4afe6e8e5b946bc2,정현우,37
2022. 9. 6,8a923a38e71b93a6,방지유,100
2022. 8. 29,172d811d27d46dad,옥규리,100
2022. 8. 22,21bbba833ccf155f,강서현,63
2022. 8. 22,5ba7e6b85957b2fa,온도훈,79
2022. 9. 6,d958b8e7c7f364c3,양서연,19
2022. 9. 6,c5a94dea6b5de9ec,현채원,49
2022. 8. 8,c1962c76c3abe5e1,소서현,52
2022. 9. 6,53fe513b455bbf41,양예림,100
2022. 8. 22,797b2b7f934a7356,강시아,100
2022. 8. 29,33e87a83aa7719fb,우지민,100
2022. 8. 29,1b966c5332af54f1,전민준,58
2022. 8. 8,c3f83aec11ae53a6,곽지완,100
2022. 8. 15,e32f78244624c491,곽재영,100
2022. 9. 6,f41da36a6dd64474,최자영,100
2022. 9. 6,ac6688fa332e2bc2,경우주,100
2022. 8. 8,5b673cd18a51a244,하동욱,100
2022. 8. 15,76f6b4e54c1ee8ad,최지우,100
2022. 8. 1,9bec6778f659fe23,정하율,19
2022. 8. 15,acea9dc983f824e6,윤하율,100
2022. 8. 22,e412a9f62ffb26ee,한서현,100
2022. 8. 8,e58f64aed3f15d8a,박가은,24
2022. 8. 1,f4e6e77bf2a19f71,예태윤,26
2022. 8. 15,61dc37f6496e9535,임우주,38
2022. 8. 15,c78dd8d1f2b845aa,안우진,100
2022. 9. 6,c2fe94e1111ea8de,전도현,12
2022. 8. 8,7fb589fa98a2b3ce,윤동현,100
2022. 8. 22,6b721516cdc3a6d5,오건,12
2022. 8. 15,771b64f24377f2e3,송지유,100
2022. 8. 15,4de2b9fda1d6772c,변지우,51
2022. 8. 1,dd2832f9e6d7bec8,송아린,63
2022. 9. 6,88b25d13bca92527,정준서,100
2022. 8. 1,cca2f2fec85e237a,온서영,65
2022. 8. 15,2677fe6352cfc66b,현수아,100
2022. 8. 15,9ca1bff8d9347c58,임우주,45
2022. 8. 22,6ac5dba2c1db53c7,오지호,28
2022. 8. 22,9dbd5a42b914255d,김우진,100
2022. 8. 22,fdf873375f8c322b,김하준,100
2022. 8. 29,6a29def37f8f1a4b,서민준,1
2022. 8. 15,13b182961472cbd9,오태희,100
2022. 8. 22,23e4ab2141de73aa,지민준,100
2022. 8. 8,6c82f38c4bb41ae7,여정민,16
2022. 8. 29,356236d41b6856c4,유나현,63
2022. 8. 15,172c2bb972f1d116,유예은,100
2022. 8. 1,7a4da941bda9d487,조다희,40
2022. 8. 29,393d19f56121f7a1,신지훈,63
2022. 9. 6,a75b1bd6ae63b81c,설지훈,100
2022. 8. 22,cb7c8ad1f29c8e24,옥동현,100
2022. 8. 15,8aead133fd821c57,지서현,100
2022. 8. 8,2cacb986178ef72c,석서영,37
2022. 8. 15,62c17ce137ca9525,심태희,100
2022. 8. 22,cbde548a9d932b1e,설정민,100
2022. 8. 8,36a62fbf82451591,송준수,100
2022. 9. 6,fbd9759affed1fa2,오지우,100
2022. 8. 29,7fddad7d6c5b5197,공하준,100
2022. 8. 22,39619cf75eb3b9e5,최건,4
2022. 8. 1,4924e658a8fe736e,안채원,100
2022. 8. 15,1694ac4aa62a1aa6,문하은,65
2022. 8. 22,662dcc71a9e2576a,소지훈,100
2022. 8. 1,29fba33b6f356e46,추자영,100
2022. 8. 29,f68987eb621da4e7,최태양,100
2022. 8. 29,c4bd4451fe17bddd,전하은,100
2022. 8. 29,5f6b54cba4be48e2,박민석,100
2022. 8. 29,416ded6a3a64874f,박하윤,100
2022. 8. 1,dff69c513827a827,하도훈,100
2022. 8. 15,5bac9ce663fb3d31,여지호,14
2022. 9. 6,fc186ed6743ea1aa,현지완,100
2022. 8. 15,bb56afdb11f2a2d9,논채원,100
2022. 8. 8,49b44215e7fdad47,석규리,100
2022. 8. 8,c6897f4552179a1e,심준희,100
2022. 8. 29,c7df7783fd9c95f5,구채원,40
2022. 8. 8,d98369cf5ba97c3e,양주윤,100
2022. 8. 8,e526ac8652d44b4b,경지윤,46
2022. 8. 15,e41af426a6c7a96a,온예준,24
2022. 8. 29,a78fc2487bc184e7,유동현,18
2022. 8. 29,728c3713af2454e7,유지아,0
2022. 8. 29,243561a7c1befe53,송예은,100
2022. 8. 8,bb7f8e5f658944fb,소규리,61
2022. 8. 8,feb8bb3277a247a6,안준서,27
2022. 8. 29,79aa593661221183,공은서,100
2022. 8. 1,64ffda1aba43a1ff,안지완,100
2022. 9. 6,9d1fc4e251414ebc,염정현,58
2022. 8. 22,6ab1fcbffc36a971,고유나,78
2022. 9. 6,d7fff1896aaa39a7,최은서,0
2022. 8. 29,86b149e636c53a4e,최도윤,100
2022. 8. 29,bb63a1124c3feccc,오도윤,17
2022. 8. 8,655ecb9ff67f2676,예지완,100
2022. 8. 15,4885cecfd9566723,차유림,100
2022. 9. 6,3a37c4597f5d7cd6,소지완,36
2022. 8. 29,7f7c62bda35fa652,소수아,100
2022. 8. 15,f96b97be2ad48589,조승아,18
2022. 8. 1,db3c555975ae62d9,최시아,100
2022. 8. 29,b2e979f7aca3936a,구지호,47
2022. 8. 29,3cc685ace5e27cbe,여소은,100
2022. 9. 6,7545eb83994cf5cb,오재영,100
2022. 9. 6,961831396f28c9c5,강시아,100
2022. 9. 6,695f63b3be692da5,우태윤,100
2022. 8. 22,a85e4e97dcfb2da4,방도현,100
2022. 8. 8,cc579c3386f15115,조건우,100
2022. 8. 8,97d915eabe2d35e4,오동현,75
2022. 8. 8,d59662c988eaf1b1,차지윤,100
2022. 8. 29,8e7d3f13af7fbc61,최도현,69
2022. 8. 8,387ec1d49bd7d6b6,강태윤,33
2022. 8. 8,91198543e45354b9,방시우,100
2022. 8. 8,15692c8e65656fd7,하가윤,43
2022. 8. 1,894fce91662a5293,고준희,100
2022. 9. 6,7855c12165523a5e,윤준서,100
2022. 8. 1,c7cc6dc1164a4388,유소은,100
2022. 8. 22,2be375a6f8f88326,전시아,76
2022. 8. 22,b9a41fa21f48b135,온민서,65
2022. 8. 22,54589c9ef64424e4,지민준,0
2022. 8. 22,469491e2e5c31377,문우진,49
2022. 8. 15,c4b14ce25cb3211e,공건,8
2022. 8. 29,22e57627fa79a92b,윤예준,40
2022. 8. 15,19c4e339986be93a,윤재영,100
2022. 8. 29,7fa33d6e565b656d,유소은,55
2022. 8. 29,452bb5a1b1e47d24,한서희,55
2022. 8. 8,be31faf7e351acea,설주원,52
2022. 9. 6,8c3bba7f8b6bb1e5,지태영,100
2022. 8. 8,b63f15b721ffab67,방지유,100
2022. 8. 29,6123d7f4f7dcc3ea,윤동욱,72
2022. 9. 6,75fa69d8db44a1a1,구준영,100
2022. 8. 15,afea33ee7bf2546b,차시아,61
2022. 9. 6,b812eb5784db572a,전승아,100
2022. 8. 1,ed8ec5e2b1331187,구태윤,45
2022. 8. 29,1db41b7c48476f71,심서연,77
2022. 8. 22,4e3c521d36a2d393,임현진,100
2022. 8. 29,67277a9f46be192d,심동욱,100
2022. 9. 6,7444f9c147c6e6a8,경서연,100
2022. 8. 29,e5ab97661d1b922e,소태희,100
2022. 8. 8,c988c92374c466df,최서연,100
2022. 8. 29,c71b7d2986c54fb1,양예림,6
2022. 9. 6,25bda6cd8f4d155f,정건,100
2022. 8. 15,5da46f8bcb6e7bb7,구지민,100
2022. 8. 15,f3bf44e839ea4fbe,정아린,100
2022. 8. 8,ab6c23d88241ed41,서태윤,100
2022. 8. 8,418d88a1f477c6a4,한지원,100
2022. 9. 6,754ce9837a1e2c8b,염성택,100
2022. 8. 15,2284bd4bd1e475c8,설지훈,100
2022. 8. 22,dfac3dde2c4a74b3,온유림,100
2022. 8. 8,ed4ec17e88d5a48b,한정현,100
2022. 8. 22,6725aefddf6f3b5b,고태영,81
2022. 8. 22,a4dcc2e83865ce95,강민석,100
2022. 8. 1,2f34b7f43266ccab,심준희,100
2022. 8. 8,a6cbb3ab6ee83522,소자영,58
2022. 8. 15,c21a4871eaf1ff5e,문재영,100
2022. 8. 15,2e9c5d8131944a3a,양강민,68
2022. 8. 15,88f2e3df7e29c324,추다희,100
2022. 8. 8,f7c6dda4e1965d3b,전은서,100
2022. 8. 8,f2d8eac1ac1e6a67,임준서,100
2022. 8. 1,d4b65b487878acf5,설나현,100
2022. 8. 15,598fee53dec31636,윤지윤,50
2022. 8. 1,fc6b19f9e8b98c49,김은서,100
2022. 8. 15,362165fea892b4d6,예하은,100
2022. 8. 29,ac3dffae6b315d29,옥지효,100
2022. 8. 22,ffd399e5d99c7315,양서현,100
2022. 9. 6,ae7681eac2a3d143,현시우,100
2022. 8. 8,ecf15f1eea4d7bf5,온도훈,100
2022. 8. 29,da7493ec727db5f9,고도현,100
2022. 8. 22,d69f33cec43ac48e,논서연,63
2022. 8. 8,d858666f4757ed73,양지원,48
2022. 8. 1,542875b6518ddd32,조건,100
2022. 9. 6,8f86217eff8c4599,심지민,100
2022. 9. 6,ddd8e9cf6bb4db3c,안예은,100
2022. 9. 6,cb45af8adbd9161a,온건우,100
2022. 8. 15,4ca9471b9756bffd,임서연,8
2022. 8. 29,52884ee66f676fc9,양민서,100
2022. 8. 15,54c71efcf2bd4b96,현하윤,79
2022. 8. 15,ba5b559daa84394a,서민서,100
2022. 8. 29,dbb519d3297635f1,심정현,100
2022. 8. 22,1b9b8dfeee3ac626,조건우,2
2022. 9. 6,659deb767251dce4,옥태영,64
2022. 8. 1,efdebfe8ede1eabd,심태양,100
2022. 8. 29,1b1157ea48cf6e1f,강민서,100
2022. 8. 8,3b4447ec8e919921,설지원,43
2022. 8. 15,419e1164711db27f,우가윤,100
2022. 8. 15,67b73265488f2cd2,방현우,100
2022. 8. 8,1eade643e993425a,임지훈,100
2022. 8. 22,4bb713838f6b6377,지예은,36
2022. 8. 22,22c624ae97619df1,공주윤,23
2022. 8. 15,3e649fbb2f55cbbc,고준서,4
2022. 9. 6,d4835cc1d995f6a5,송수아,100
2022. 8. 15,3a59ee1aa82589e5,우서연,100
2022. 8. 1,8bbf6fe377bdd387,유도훈,100
2022. 8. 15,b2c5c4ddb51a2257,방유정,100
2022. 8. 29,c42256572d714542,차재영,100
2022. 8. 15,b21b4b8c7ffba381,심건우,100
2022. 8. 8,bcf3bb23e9c44afd,방서현,34
2022. 8. 1,b3e6f48644dfe812,조서현,100
2022. 9. 6,6d6561f849ecac8d,김지민,33
2022. 9. 6,7c484512777ea22f,송태윤,100
2022. 8. 22,cdcd58fbfbe8ac32,안태양,49
2022. 8. 1,8f5ea3f814d18929,한현우,70
2022. 8. 15,fc9c39bc56be8367,온수아,8
2022. 8. 8,6f57dc45eca4663f,변하준,38
2022. 8. 22,d597bc8c15a6abb8,옥도현,100
2022. 9. 6,59281d338953dbc4,설승아,100
2022. 8. 29,1ee46a9998861876,지현우,0
2022. 8. 15,c69346548be141d9,지준영,27
2022. 8. 1,c28621fe424915d2,석우주,100
2022. 8. 15,dcb77694731ee7f6,하주윤,25
2022. 9. 6,d7befa8668e84c8e,염태희,100
2022. 8. 15,392a58537e3536f9,방도윤,10
2022. 8. 15,1b7165a11aee389e,염강민,100
2022. 8. 22,5548f8313eba7f98,설규리,100
2022. 8. 15,6885328b6fd63131,한서현,100
2022. 8. 15,9e598931e2ad86db,석민주,17
2022. 8. 22,cfcde3c885822418,조다희,69
2022. 8. 8,bdf361526b1cd8a6,신준영,52
2022. 8. 8,f229ca8c33aaa56e,양동현,100
2022. 8. 15,62567b6787d7337f,심지호,100
2022. 8. 15,124bb774c853fa53,안다희,100
2022. 8. 1,374b7b762a9bea26,구승훈,52
2022. 8. 8,a2c64f9516558b7f,변하준,100
2022. 8. 15,fbd99ef86ab39f59,우재영,12
2022. 9. 6,4f8f3a4f9784881f,송민준,100
2022. 8. 22,35f8ea884d527746,방서연,17
2022. 9. 6,b9e437223464d6bc,예동욱,66
2022. 9. 6,a5c4c162ccff9f11,경시우,69
2022. 8. 29,7ecd92baf889d35a,변은서,4
2022. 8. 8,4fa21d44b114e988,최재윤,56
2022. 9. 6,a9cc941ef8e256c9,지예은,100
2022. 9. 6,8c45d97e2ebc6379,석지원,74
2022. 8. 29,a617334bd8bb3bc7,우소은,100
2022. 8. 1,517f4e1351924bb2,유서연,100
2022. 8. 29,279fbbb7dcc96354,송예림,6
2022. 8. 29,3813baf21e9d3aea,현건우,86
2022. 8. 29,95d983ac45537c69,정민서,38
2022. 8. 8,2a275a9b81dfad5c,방지호,48
2022. 8. 29,8cec731b8e917b81,안민석,23
2022. 8. 15,c9a61167a9b6f691,전도훈,100
2022. 8. 22,382b51e5f766fbdf,정도윤,100
2022. 9. 6,7952b2c575e27f4f,방태영,100
2022. 8. 29,857c73dd3cf133a3,양지유,26
2022. 8. 29,18e3779edb58814e,염태윤,41
2022. 8. 1,2f741343bdb9ea21,곽유정,100
2022. 8. 22,5b38db5ee3c11a3c,염유림,0
2022. 8. 1,919afa1b77e8d3eb,구태윤,97
2022. 8. 1,4f62d1838df38c8f,이건,8
2022. 9. 6,b9b8fcce1c5a5ad4,우지아,42
2022. 9. 6,65d86289f618be75,예태윤,100
2022. 8. 22,f8ae8ce7453851eb,추예준,100
2022. 8. 8,5b521e12ed2e89be,강예림,100
2022. 8. 22,bc26e9bfae3da3aa,논지완,28
2022. 9. 6,b1d1ea41d8656dc9,오하준,100
2022. 9. 6,358a528ce5c13d84,김은서,100
2022. 8. 8,6693c94a394e227c,차재윤,40
2022. 8. 8,527675c8ef84bc88,소동현,100
2022. 8. 29,c2a24492c4f22d44,온서준,100
2022. 9. 6,3ccf62c54f286f4c,현시우,100
2022. 8. 22,478cd81dbe16ea5b,현재윤,100
2022. 9. 6,23932b4fc972877a,최나현,100
2022. 8. 15,33fd8e338538d775,하유정,100
2022. 8. 8,42513ddce3e3ebbc,소아린,100
2022. 8. 15,17d1bd51b9324ab4,석서준,8
2022. 9. 6,8b4932e53eda6fc2,오승아,49
2022. 8. 1,9923cbbb535f4cd6,차수아,70
2022. 8. 22,33c841debccd68e6,예지우,100
2022. 8. 8,ee695cce9257277f,구서희,65
2022. 8. 8,deb28dd6f8b5f476,윤자영,100
2022. 8. 29,b51fccbdf3349a27,임주원,35
2022. 9. 6,491633ad94c2ebe5,차주윤,93
2022. 8. 8,cb62ab6ef328521a,임서연,40
2022. 8. 29,9aefbf7c4944ba4f,전건,100
2022. 8. 8,6c1b3f9c46f8141c,안예은,100
2022. 8. 1,5fc6f4cc27c83f4a,양서현,100
2022. 8. 29,9f5e7674756c3789,양준서,100
2022. 8. 29,8aa934257be6e229,변태희,100
2022. 8. 29,e8e1be5ceba2b121,김규리,53
2022. 8. 29,29ebf13ad49b58a9,윤서연,100
2022. 8. 1,af2b5aa7abf4ec4d,예동현,100
2022. 8. 29,eb9732a13445668c,구태윤,100
2022. 8. 22,c4fe9c97a1d1fafd,방민석,35
2022. 8. 29,c17e8966dbcafaf9,신유정,5
2022. 8. 8,db133a861a7c673d,온도윤,100
2022. 8. 1,e59277292945aa7e,설소은,100
2022. 8. 8,538aad9c695a68bc,전승아,100
2022. 8. 15,78579c8313886f43,구하율,100
2022. 8. 29,9d7df1b18ff149a1,고준수,9
2022. 8. 29,b7fba9ec6c34769f,신소은,100
2022. 8. 1,2575e1e443e91fa5,우서영,100
2022. 8. 15,e48e12359a626e74,염주원,100
2022. 8. 29,cb2be214b591ae2d,박시우,63
2022. 8. 8,ecfedbbc5683c9ea,이지우,100
2022. 8. 8,6477b66ffeb4163f,오자영,30
2022. 8. 15,fb9658c8ff655edb,양지아,100
2022. 8. 22,c386e8ab1f9e45b9,오지우,67
2022. 9. 6,fd68c776cea69c28,고재윤,100
2022. 8. 15,65bd37a13fc572b2,예자영,88
2022. 8. 1,3e1644a564594467,추민주,100
2022. 8. 22,539d614b5faab654,차정민,100
2022. 8. 1,fb51665129b626bd,현지아,100
2022. 8. 1,a72e6d275d822931,설지우,100
2022. 8. 29,751d9b25927d4a95,전채원,100
2022. 8. 29,816a3d1b8afc54eb,양민서,31
2022. 8. 29,99221bf3f13bca4a,염유정,100
2022. 9. 6,79ec74e99aaa6416,예준우,100
2022. 8. 15,41649598d94cf27d,방도현,100
2022. 8. 8,37dbc28cd2df156c,강도현,100
2022. 9. 6,dd9ae9decbef6bd3,임준수,100
2022. 8. 29,47c42c3d7a228e79,서정현,1
2022. 8. 1,1897622a4f1ad32e,심다희,95
2022. 8. 15,b563c5f6b471427c,윤준수,100
2022. 8. 22,75b363294563fdd2,박소은,2
2022. 8. 15,3ee7bb31bf8d9572,윤우주,74
2022. 8. 8,3a7df9a72ede5efe,한태희,92
2022. 8. 22,c1696997c17b336f,이시아,100
2022. 9. 6,c8de351d4f44efae,고준서,0
2022. 8. 29,b83c27e2a8b354a6,염건우,0
2022. 8. 29,838c6cc6daadeb24,정민서,100
2022. 8. 22,2f4d57528ed4a458,최동현,100
2022. 8. 8,7255f57e5cd89ae8,변현진,100
2022. 9. 6,a282bd741d858def,윤주윤,37
2022. 8. 1,b8bab46f795fdfdd,예도윤,100
2022. 8. 8,fee92d73b6fbc31a,박유림,70
2022. 8. 15,cc724af2e59cfbc7,염준서,100
2022. 8. 1,d21caea5d8ee614c,우건,100
2022. 9. 6,59958a1d845177c9,유정현,100
2022. 8. 15,ed52d2d6d6681937,송민준,15
2022. 9. 6,d98bffe4a3149d5f,최도현,100
2022. 9. 6,dbd96a9ea1cd6b6b,온하윤,29
2022. 8. 15,e2ea2b244d8a43f4,강지효,47
2022. 8. 8,ffb514926b94febc,한규리,100
2022. 8. 1,55a5f5d8d6c4a1a5,하태영,100
2022. 8. 1,e5d58b89c691b645,여예준,100
2022. 8. 29,eeb4c3d4f5cb92bc,방하준,100
2022. 8. 15,ef8a4366d9a76756,차우주,100
2022. 8. 22,24a6261b8ef8ed3d,서동욱,100
2022. 8. 29,4f73653564dfdfa2,박은서,2
2022. 8. 15,d58c8634ea85731b,송주원,100
2022. 8. 1,4b461692e14ce7eb,서준우,100
2022. 8. 8,5849876911867f93,석재영,100
2022. 8. 8,72775847a349f8de,김수아,100
2022. 8. 8,ac1f84f2e1be97c7,차채원,97
2022. 8. 29,c9154e2ae6d426b1,문서준,2
2022. 8. 15,55dbca3db91a454e,곽준희,54
2022. 8. 8,38931c4b21695a6c,여우진,51
2022. 9. 6,ee917deff91c6ea4,지지우,71
2022. 8. 1,df4e6bb73b4cccb3,변민채,100
2022. 8. 1,cb9c29bd48fc183c,추동현,48
2022. 8. 15,86c15d9e3783ffc4,논규리,100
2022. 8. 8,bf2da17f8729dc2f,한자영,34
2022. 9. 6,f8422f28c3f7eebd,심하율,100
2022. 8. 22,f7a7fb6ab7b52fec,최성택,100
2022. 8. 15,dbbab5288e68c344,전하율,49
2022. 9. 6,983ab345e2dd4f2c,지소희,100
2022. 9. 6,4a6c4147d7a3b271,심예림,100
2022. 8. 15,46c79aa8ba61a1fe,지자영,100
2022. 8. 1,2b45479655444a36,한건,100
2022. 8. 29,b5ccc8a32b877418,조나현,37
2022. 8. 29,9b46da7b81d49b6b,방동현,100
2022. 8. 29,5331835b2eb7fbd4,옥주윤,64
2022. 8. 8,7975f99295bb312b,차지아,4
2022. 9. 6,e1feab4a9ce1697b,고재영,100
2022. 8. 29,ffa291b1f1c13cd6,석하윤,100
2022. 8. 29,d3caf21d87ddb946,오소은,67
2022. 8. 29,ab4bded9167ca1ce,정수아,89
2022. 9. 6,6ef1697ec13cd323,고지아,35
2022. 8. 15,7ff7ae178af478a8,김태영,100
2022. 8. 8,c71bc2c3f2c58f19,정지원,1
2022. 8. 8,3c8dc59637328d6c,변하준,100
2022. 8. 1,9a558ddcd797d511,소예은,100
2022. 8. 8,7517dbda66eb9dcc,조승아,100
2022. 8. 29,1bd67a132867e4fd,양지훈,79
2022. 8. 29,25b8e738ceaf66a9,설서희,100
2022. 8. 15,c346f2bf6a779b95,하정민,100
2022. 8. 15,cda378775eda1ea4,여서영,100
2022. 8. 8,41f96cbf463a5d41,박서희,100
2022. 8. 8,e88c8b4c6a9fb783,지민서,100
2022. 8. 22,87e5c421f1ea6916,염승훈,100
2022. 8. 1,35bc38a1ba88356d,지민주,39
2022. 8. 15,b8e6a992618b75a4,지민준,11
2022. 9. 6,17727b5fbb12ede6,박태희,68
2022. 8. 29,fbe73a23e3637c3e,심현우,0
2022. 8. 1,fed1d6897456fe3c,추도현,83
2022. 8. 8,bd792bf1421b5ce6,전서희,22
2022. 8. 1,2d55341f4b422527,고하율,100
2022. 8. 22,898a7fd5abab26cd,공지훈,100
2022. 9. 6,a2968181f185a997,현다희,100
2022. 8. 29,24e29ec78d2acba5,최서연,100
2022. 8. 15,4ef38de6e3a2a91e,김은서,60
2022. 9. 6,2738f1dca716a844,한유림,100
2022. 8. 29,c5d821841bf3848d,송유나,3
2022. 8. 8,e8f8f7925fc414b7,최지완,100
2022. 8. 29,bd433c97766e87df,정서준,17
2022. 9. 6,9a2547e2e39b981f,강지효,100
2022. 8. 8,9b4f1b9f3c3569d2,오재윤,100
2022. 8. 15,243abc66a8aaf731,심하윤,33
2022. 8. 22,6dacbb14b223f831,여시아,100
2022. 8. 15,8b6e415259e7e44a,강서준,3
2022. 9. 6,723a32433125d452,우승아,67
2022. 9. 6,1de1747fd4615f44,방지훈,100
2022. 8. 22,81d527f6cbf57368,지서영,100
2022. 8. 15,8f819f226d786f4c,소지호,100
2022. 8. 29,bf75c7ab6c8913ae,현하율,100
2022. 8. 15,efda1de63965db8a,조은서,100
2022. 8. 22,dc56f57b83754184,소지윤,100
2022. 9. 6,829e4596f55b8e67,방준희,50
2022. 8. 29,677ca825eabef45e,고민석,100
2022. 8. 22,91ff61183eeb9e1b,지도윤,52
2022. 8. 1,84da285b876d6a13,정서준,68
2022. 8. 8,cf8c6ca595c985ec,온은서,100
2022. 8. 29,6656681b7a5b6ba4,추우진,100
2022. 8. 15,39b3eeff5922feca,조태희,67
2022. 8. 22,539d146c31fb729b,방소희,100
2022. 9. 6,6477e69ecaf3f384,문재영,100
2022. 8. 15,bbe5f1c63db18b7e,공규리,100
2022. 8. 22,cf6b4d3171ff5446,김유나,100
2022. 8. 8,22f4a5a75c41b6b9,정예은,31
2022. 8. 1,33b776dccb4fc55d,소유정,100
2022. 9. 6,6235cbede1df3f7c,추서연,76
2022. 9. 6,88bffadb4f61edc1,고준수,100
2022. 8. 29,25bc12c2f98479c9,변도현,100
2022. 9. 6,5ea57b178d68389a,심동현,79
2022. 8. 29,913d3ca41fe9acf8,석채원,100
2022. 8. 1,4817645a4ff94c22,옥준영,16
2022. 8. 1,9b666927215b22c9,설우주,100
2022. 8. 22,6aef26eb8de3d132,하성택,100
2022. 9. 6,ccdf31c327a721d7,경주윤,100
2022. 8. 22,acada49131ec51ed,지지민,100
2022. 8. 22,d8b52782e8c86923,오유림,100
2022. 8. 22,c17d8c76148feefc,논태윤,29
2022. 8. 15,7ba4cb746d1ff236,옥준희,100
2022. 8. 15,48973a5cbea4d51f,구재윤,20
2022. 8. 29,22a659d4cfe41a3d,공유정,100
2022. 8. 8,c39c1456ccfaff65,문시우,100
2022. 9. 6,3dca31f5dfd2386c,공예림,100
2022. 8. 22,9a7247f42beb9736,정은서,100
2022. 8. 22,b54d66dbf3255732,변하윤,78
2022. 8. 15,b3df4e9b9b1be4f8,현도훈,100
2022. 8. 1,63cb78ef2fe1d5be,지서영,44
2022. 8. 29,c63256fe4914b892,조민채,100
2022. 8. 29,a2a343cd2f82e987,한민석,100
2022. 8. 8,24b1a3f43bee18b5,공지원,100
2022. 8. 8,4965fa511533f14a,여강민,100
2022. 9. 6,6692afd6dddeb615,강지완,100
2022. 8. 1,c61aca33e93c2467,유유림,100
2022. 8. 15,f7e4493c19b95db4,강재윤,0
2022. 8. 15,a61edcd28cc43fee,예수아,100
2022. 9. 6,c8a4b28fec1b2d28,임자영,54
2022. 8. 1,652f982bbbd16e6d,차건우,100
2022. 8. 8,f76e37363a13de8b,논소은,100
2022. 8. 1,d89912f3751d7a25,양주원,100
2022. 8. 1,417be427a13834ea,구지윤,58
2022. 9. 6,931e4f722a443968,전소희,100
2022. 8. 1,dd3bfaf439fe19ca,전지아,100
2022. 8. 29,4275ed15eb36b49f,차민석,100
2022. 9. 6,dd51e9462eb456b1,유재영,100
2022. 8. 8,2e297a69e6ef358a,경현우,100
2022. 8. 15,fbf9a213e83a45b7,경동욱,100
2022. 8. 8,9f3d9efec8a5df55,지지훈,100
2022. 8. 15,d6fefbe662d3b6fc,변정현,100
2022. 8. 15,deb1593c23297414,심예은,100
2022. 8. 8,9e2d8d8f77d357bc,오도윤,30
2022. 8. 29,85553be8e9132449,유우진,63
2022. 8. 29,1db7fce72dfe8fe8,지서연,100
2022. 8. 22,6d1116c81e36e191,오지윤,100
2022. 8. 29,e63b574eaa8d64cf,온가은,100
2022. 8. 29,5ab876aee7faa21f,이서희,15
2022. 8. 8,fa5aea7bddbad5b5,신예림,100
2022. 8. 8,1595bc679acb78a3,변도현,100
2022. 8. 29,58f81efe6c9877d5,최시아,100
2022. 8. 15,c142d5a47768e3d8,추현우,22
2022. 8. 8,46b8d2c63aa3cf69,유도윤,100
2022. 8. 22,6e7b51135cea399e,임지훈,41
2022. 8. 1,2d539c76ce7f2165,전예은,100
2022. 8. 22,1cc9b392ae26952f,서지유,100
2022. 8. 29,6668e8dc82d38b6a,조가윤,1
2022. 9. 6,42b72a78d7ad5c2e,염민준,89
2022. 8. 29,437df7af811835c6,고은서,61
2022. 8. 29,c22fc79ec2df7cc6,우태윤,72
2022. 9. 6,154e4fe836cb6354,여다희,100
2022. 8. 22,ba74b816dd99c821,전승아,100
2022. 8. 15,245533f168ba66a6,여서현,56
2022. 8. 1,49f223baaab98267,변건,100
2022. 8. 1,5f9167bd8bf8935d,설도윤,100
2022. 9. 6,25cce44922fd5a35,문소은,13
2022. 8. 15,191fc674f7618bd2,문태희,100
2022. 8. 29,815eb716127193ea,논자영,100
2022. 8. 22,a331ab22d9fa2321,안동현,53
2022. 9. 6,f42ec9952be4368c,유현우,100
2022. 8. 1,a8a779af5838a764,고가은,100
2022. 8. 8,6d75b887d5179134,조서연,30
2022. 9. 6,68281152da4b4b2e,지정현,100
2022. 8. 8,79c6a91e69af5b21,유서희,100
2022. 8. 15,15f43db9b94f8db2,윤예림,32
2022. 8. 22,58843d95d8e3222f,방서연,70
2022. 8. 8,a8313751aa18317a,염자영,100
2022. 8. 22,44cf419adb4f89e2,심태양,100
2022. 8. 1,6955be1ffc1cd73e,양지우,100
2022. 8. 29,4d6a72125bd6f6d4,양지아,100
2022. 8. 1,917b27494c4f287b,방지완,100
2022. 9. 6,c3d5a57f137d22a5,고준서,32
2022. 9. 6,4348b3f5998c2b62,우민주,100
2022. 8. 1,b1f92934c5114c3b,서우주,100
2022. 8. 8,b865593db56de312,오준우,100
2022. 8. 22,185468b3e941e61f,문시우,93
2022. 8. 8,d687ac3657c1f625,최우진,52
2022. 8. 29,e7ee1c94728c4167,강지훈,100
2022. 8. 29,99d35376d264b2e1,염민채,100
2022. 8. 15,27b66e182548a445,강서연,100
2022. 8. 8,cbc71ecba8654633,변준영,100
2022. 8. 15,4d87e348e19a5774,논아린,100
2022. 8. 8,6cccf56bde3efd5d,소지원,100
2022. 8. 22,774f8b73eca7f88a,양우주,100
2022. 9. 6,595c7a3d41167f69,지소은,70
2022. 9. 6,294b322dd91662c7,이현우,100
2022. 9. 6,cb711cc2e1da2178,오강민,100
2022. 9. 6,bfa278d6e4be799d,정지아,100
2022. 8. 22,8814949de9dacc86,옥다희,100
2022. 8. 29,ac3c7c617b5c1721,변하은,69
2022. 9. 6,23b14b1314aec746,우시우,100
2022. 8. 22,cbe1e5438f3dc352,방승아,100
2022. 8. 22,179c243c1718a675,윤주원,100
2022. 8. 29,1e15412eda91d3f9,오가은,63
2022. 8. 15,44442f2eb74f4e5e,추다희,100
2022. 8. 8,4daf27fdc8a68139,이준희,77
2022. 8. 22,6113c982bf741dd3,박나현,100
2022. 8. 8,95bf9712b3cb9954,경강민,59
2022. 8. 15,8578343864a28f55,이태희,100
2022. 9. 6,81312e6e594b36d4,현민준,100
2022. 8. 1,55b43a286b15debd,여준서,81
2022. 8. 1,edc7ed1fa94fe1a3,강우주,100
2022. 8. 1,98f97d696be58f8b,온지민,100
2022. 9. 6,27b9cc8f86b19ac5,온하윤,100
2022. 8. 1,9618b4f331e9d27a,문나현,59
2022. 8. 29,3b4e4361d4d7eead,임현우,100
2022. 8. 22,944d4cdbc2e115cf,고태양,79
2022. 8. 15,375121872d36ca97,차재윤,100
2022. 8. 29,67385f5591fa976c,한재윤,3
2022. 8. 15,75f272c7732a7923,방시아,77
2022. 8. 29,e95b698b42c8ae46,심가은,100
2022. 8. 8,fef79aeb416b5f8f,안건우,100
2022. 8. 8,9356914d4b5fdda2,신건,100
2022. 8. 1,2bc98b46a99a7821,정서준,100
2022. 8. 29,8723ddad126c2cb5,곽지호,100
2022. 8. 8,4aee49c84e92875e,현하은,32
2022. 8. 29,54f53922dc6cebc1,추준희,83
2022. 9. 6,1c7b59da5c49b83c,소예은,21
2022. 8. 1,b78bb2b321bfaca8,문민준,1
2022. 8. 8,cf23b9ae4c274be1,우규리,100
2022. 8. 15,3f652b79188d746f,우우진,100
2022. 8. 29,7f29ef2db11ca69d,곽민서,100
2022. 8. 8,9e9db8c6fd99d371,소하준,100
2022. 8. 15,e7f358eace95814b,양아린,0
2022. 8. 29,582f62d9fe3ef21a,곽지아,100
2022. 8. 8,1fe498a5a43f8e41,강규리,100
2022. 8. 8,89f5cb4585ed7e4b,지아린,100
2022. 8. 15,d97f5661f7c6dc92,구지우,100
2022. 8. 15,975dc25b57a93ea1,정건,100
2022. 8. 8,dbffb39c8aa5d38d,경지완,100
2022. 8. 22,a3b3eec294ea9b4d,추채원,18
2022. 9. 6,52341aa887fe28cd,지서영,100
2022. 8. 29,2bdf15e7433ee1bb,윤태양,100
2022. 8. 29,4b1f5219b67a78b4,소태희,100
2022. 8. 15,da66b252f3712b53,옥예은,3
2022. 8. 15,269fc8518aa6ad72,박하은,100
2022. 8. 15,23f585fd8dc27c74,석지윤,58
2022. 8. 22,65b115a9f957ae93,논하은,100
2022. 9. 6,32e68d5cdd7558a6,옥서영,38
2022. 9. 6,6fe943893a7ba61e,고지호,100
2022. 9. 6,fdfbe8a5db7fb449,유수아,100
2022. 8. 8,316ed91425f47cbc,강소희,51
2022. 8. 1,ca5c4ad75994e2aa,소승훈,100
2022. 9. 6,d6c4a447efca4c77,소하율,100
2022. 8. 8,9337d61f775ed5f8,방준희,100
2022. 8. 29,8683bc929b323e5e,안서연,100
2022. 8. 1,996e64ce7538b6fb,추지유,100
2022. 8. 29,97f24ed25c8a2c63,고유정,100
2022. 9. 6,d9c2f1247997ca57,문주원,100
2022. 9. 6,edacc9ec4431798c,염우주,100
2022. 8. 22,b1b2e497ebdec943,송우주,100
2022. 8. 22,b183af5daa424dd7,추동현,100
2022. 8. 22,de418a86eb8ec374,서태영,94
2022. 8. 22,546e8e768b2c25ef,곽서희,100
2022. 8. 15,96fd86f5fa94d64c,방서희,97
2022. 8. 29,3122dc842d3e824f,지채원,77
2022. 8. 29,a668798b7862bed6,공동현,100
2022. 8. 15,fd7a4a737886e54c,지현우,53
2022. 9. 6,abab3d6cd5dc71a4,염우진,100
2022. 8. 1,eeaa33dc4b2d4d9a,추하율,100
2022. 8. 29,9fdca911f973e3a2,변현진,100
2022. 8. 1,bebdd34886f8a66e,온유림,100
2022. 8. 1,8bc264cbbf9c4a33,박주원,100
2022. 8. 22,f5d52dd8cdf14929,구유정,100
2022. 8. 8,438982cd7e473c1b,조다희,37
2022. 8. 22,ed646aa9af7649c1,서민석,54
2022. 8. 8,d53ef4148b766314,한준영,67
2022. 8. 29,f7edb3153f48f131,염준희,65
2022. 8. 15,d7638a54f7f8d3d6,김민채,9
2022. 8. 1,2ac16833287ae1d5,안서연,100
2022. 8. 29,2889cc4c724ec219,방현진,2
2022. 8. 8,a8fd1d45fb2a677d,변서연,34
2022. 8. 8,bae79bc15ffe13fc,서수아,31
2022. 8. 29,45354cca6cac23ef,여준수,100
2022. 8. 22,1e9afdb55659436e,문준희,52
2022. 9. 6,8c8b927248d26eb1,소지윤,100
2022. 9. 6,2c8c477c85b318ab,양동욱,100
2022. 8. 29,1ad383c4f96fcc4c,곽태영,100
2022. 9. 6,d84ce644beeba667,이승아,100
2022. 9. 6,9b945aaccabeed1b,추서준,42
2022. 8. 22,dfe1b54f97ff7f1f,우다희,100
2022. 8. 1,125b729db7f642c1,한나현,100
2022. 8. 15,a4cf462d4d798c9b,경가은,100
2022. 9. 6,9fbb2f16cacd3944,정준우,76
2022. 8. 15,17af8598b8c49cc8,신서희,100
2022. 9. 6,7f5c97123e82ca65,송가윤,100
2022. 8. 29,29dd41ee459bf635,윤소은,100
2022. 8. 15,fe582f4aee3ac432,심동현,60
2022. 8. 22,24dd6888f1dc56ff,윤동현,100
2022. 8. 8,9f2dc3c19cd54f42,곽태희,100
2022. 8. 15,938cfdd27c326365,윤자영,100
2022. 8. 22,43b4af26562f9afd,설태희,100
2022. 8. 1,38bfabc89f26fc9c,윤민주,25
2022. 8. 29,a824981cbec6311c,임지민,100
2022. 8. 1,ae32b338c8f9b729,공정현,100
2022. 9. 6,ffeb65739d7c99c7,추건,100
2022. 8. 1,4ae8a34546c3446b,안승아,100
2022. 8. 22,54a34efdf7bc7df9,임동현,3
2022. 8. 1,17a78c9261c7937b,공현우,100
2022. 8. 8,89379316855bc77d,안도윤,85
2022. 9. 6,b3e8deb86b9a7651,추유정,100
2022. 9. 6,b5ceaba928bd5725,차지윤,100
2022. 8. 29,c3bfc917be2cf3a9,지하율,10
2022. 8. 1,6b66e7d9244b6f88,신우진,100
2022. 9. 6,5aad789b5324ede6,송정민,6
2022. 8. 22,f4c42f1f7728f9a6,오도훈,78
2022. 9. 6,95475e4f368f77f8,강재영,100
2022. 8. 8,1946c72348c4ebda,석준희,100
2022. 9. 6,22186dda81e7175a,소소은,8
2022. 9. 6,b53841abc75aff4d,지지호,100
2022. 8. 22,73c2844644e7d5c9,박지민,100
2022. 9. 6,c549e52e5dc171cd,조준영,100
2022. 8. 29,666a5fed557e96c9,하정현,63
2022. 8. 29,2db8359b5ed4b954,정하은,28
2022. 8. 29,37a5ef427e1db441,한소희,100
2022. 8. 8,6923e4b7c8b8e96b,석도윤,100
2022. 8. 8,41aeab3c62beac3a,방건우,59
2022. 8. 29,1feca24eea3de5ab,석준영,100
2022. 8. 1,c6384a28a43d4ae2,옥태희,100
2022. 8. 22,95265826778fd684,박소희,54
2022. 8. 15,6fdd271e1cc7b53f,최서현,67
2022. 8. 29,e4a52d27c9e188d1,양수아,100
2022. 8. 29,12f145d5ee76adfb,정서연,30
2022. 8. 8,a3819eb84b4ee85e,심수아,100
2022. 8. 29,9e92c8c26b893e91,서예림,100
2022. 8. 22,9fee14d18b878cac,문우주,100
2022. 9. 6,d447697f1747717d,여가은,100
2022. 8. 8,bbb9a6db39319ac2,방준우,100
2022. 9. 6,4efe5c3ede1f5291,곽예은,100
2022. 8. 8,13a4db7b961e922f,온아린,100
2022. 8. 22,52e68c1a3bd1b69e,유강민,100
2022. 8. 8,bb68179beea9aed1,문민서,100
2022. 8. 8,e4aa537b7c451a5f,석준영,100
2022. 8. 29,9e4a6f46fa8e4f21,석도현,100
2022. 9. 6,2522772df423eb1f,양서연,100
2022. 8. 29,45ecb625cc1b12a2,박태희,100
2022. 8. 8,1c92f9732126e7e6,변민주,100
2022. 9. 6,966bd334f595a242,유시아,100
2022. 8. 22,2fd78267c96f73af,구건우,100
2022. 8. 29,91b7a7f23bfec635,유도훈,4
2022. 8. 22,ea291df14e3ad77c,구태희,100
2022. 8. 1,3559edb28282babb,신유정,49
2022. 8. 1,ffa8de1c5fbd3a71,추도훈,100
2022. 8. 15,5da5e8c4ebe2f7ca,문태희,6
2022. 8. 29,b976cdcbaf65654a,차은서,100
2022. 8. 29,7bc2e29f4959ce3e,우지원,4
2022. 8. 8,24c8af7848234a26,유준서,100
2022. 8. 29,41df9e18437ed8df,온은서,100
2022. 8. 1,df5d7cb4721e489c,하민서,100
2022. 8. 29,df3864122cdbd46c,윤수아,100
2022. 8. 15,12769796af27bb83,박준우,100
2022. 8. 15,ad8886815c35d16f,양지아,100
2022. 8. 1,b57661376c56c5ff,서동욱,25
2022. 8. 1,6f2325aa75a91d43,김시우,100
2022. 9. 6,7639d4fd6dbf4872,윤아린,36
2022. 8. 29,b3bc1a8e8ec2ce29,심주윤,100
2022. 8. 29,11b4d2a3cf156828,임서연,100
2022. 8. 29,d5b87d9c82e3dbd1,임지우,78
2022. 8. 29,d51aacc28f6fe9c6,윤예은,100
2022. 8. 15,7df19cf778f6aa4d,조승아,100
2022. 8. 1,5344d5387b261fe5,신규리,100
2022. 9. 6,996462685de763ce,예서연,100
2022. 9. 6,27916a615eced69c,소준수,10
2022. 8. 8,6be8cc27eafa28d8,경건우,100
2022. 8. 22,4a9f52a3a1c2e441,송지우,100
2022. 8. 29,b1eb11cc39a1a957,변승아,100
2022. 8. 29,bc17e1e3771d5c6a,최정민,16
2022. 8. 1,46681ee6b5bb8722,옥승훈,100
2022. 8. 22,9e2fc53f44c6427b,경시우,100
2022. 9. 6,deed95d6e87579ca,신재영,100
2022. 8. 22,81f26fbf1cb6af89,여하준,100
2022. 9. 6,86232cf88c8754e4,염동현,80
2022. 8. 22,f4cf2677a9528c7a,이승아,100
2022. 8. 15,83c1f7d8f182725b,박지완,100
2022. 8. 8,bb657675de86e74d,추소은,100
2022. 9. 6,ae5f8b9619b55b5c,차아린,65
2022. 8. 1,6388af6377baff5e,양정민,100
2022. 8. 22,94a5443c1879b1df,최하윤,100
2022. 8. 22,5dfdf38d28d376cd,문동욱,68
2022. 9. 6,b418f17f5df4d35a,석정현,100
2022. 8. 29,fd8bc39f8a1f15c5,전규리,100
2022. 8. 1,3f4fe428cb7ff3b7,강소희,33
2022. 8. 15,598d3b836bba88ed,정우진,100
2022. 8. 29,55713696f5a8144e,고성택,100
2022. 8. 15,9f16d8d9651117c4,한예준,100
2022. 8. 22,6bbcf4c5b1c83375,방유림,20
2022. 8. 22,17d97a64ce36396f,강민준,100
2022. 9. 6,cfc7864b7a9566a3,윤태윤,3
2022. 8. 15,5c742c18f1e43a62,차지유,100
2022. 8. 29,e759ac3357737f2f,현가은,100
2022. 8. 15,6511c58565acfbd5,구건,48
2022. 8. 8,5c65a373882655a1,설재영,100
2022. 8. 15,34b2432faeddd88a,우민주,100
2022. 8. 8,9e3bce94bee591f9,논재윤,100
2022. 8. 22,893ffa3f6c84931a,서우주,100
2022. 8. 22,6852fca6c42ad9da,현준우,1
2022. 8. 29,f33291ebe19b95ea,곽지완,100
2022. 8. 22,cb38cc8e871854fd,신강민,100
2022. 9. 6,91cfb5eb52737fe1,현하준,82
2022. 8. 29,f7512e5b4c1a35e2,소소은,18
2022. 9. 6,52e77cf8fe43b7e9,논예림,100
2022. 9. 6,337f8a4285df499a,한서영,100
2022. 8. 8,8d62646d9239edaf,소민주,78
2022. 8. 29,f41815c867696489,한서현,100
2022. 8. 8,44fe1c36b3483f74,안지우,31
2022. 9. 6,98bfd9bd346eba83,안태윤,11
2022. 8. 1,258fc625c922e676,현재영,65
2022. 8. 15,1bede1a68f47bd12,곽태윤,100
2022. 9. 6,5da95842c571b214,심동욱,22
2022. 8. 8,13f26666dfe66326,박소희,55
2022. 8. 15,a625e446546d9132,서태양,2
2022. 8. 8,9ea3b79c47d8af64,조주원,100
2022. 8. 1,81e343cddf262eb4,임승훈,100
2022. 8. 22,1b1e7f2e3d796f32,경주원,2
2022. 8. 29,bdc7868de6b1c678,소시우,44
2022. 8. 1,a6b63812c938bbb9,송하은,100
2022. 8. 22,5f37baab1fb833e8,박민주,100
2022. 8. 8,755bcf8a2aeef4eb,현수아,97
2022. 8. 8,a68152c736f94716,안자영,100
2022. 8. 15,75eaab554871938b,박하은,5
2022. 8. 8,3c4ca4178158bd91,공서준,65
2022. 8. 29,e14a1cba41add6ca,경주윤,97
2022. 8. 15,2489aca3c696234b,강준우,100
2022. 8. 8,8b52bd99e5efa7cd,서정현,47
2022. 8. 29,ee69d82ba527ea65,전지민,100
2022. 8. 29,876a8492316a3176,신하은,100
2022. 8. 29,1424546656eb4a11,하하준,100
2022. 8. 22,a59eacbd24c3b5be,현도훈,41
2022. 8. 29,466ff932241b8c19,온서영,1
2022. 9. 6,bb3424e3ce14675a,박수아,41
2022. 8. 29,5c1617426a258da3,추동현,100
2022. 8. 22,f8bfa4f6f23a722f,여가은,70
2022. 8. 22,8dc7895e4bfa8929,논민주,100
2022. 8. 15,515ea789e6e7eacd,이현진,77
2022. 8. 1,a8a42c84e3ffe65a,설가은,67
2022. 8. 22,57b3993d394adeb6,우민준,100
2022. 8. 1,de8838e3474dccbf,양민채,86
2022. 8. 8,82515ae59af42f73,하도윤,100
2022. 8. 1,4e7e8fafdd546214,염지호,63
2022. 8. 29,8a92a8bdf77877ec,조민주,100
2022. 8. 15,eee37a6f23318ab1,이주원,41
2022. 8. 29,78d8c16eba5a8ea2,공소희,100
2022. 8. 1,57691145c117481b,양가은,100
2022. 8. 1,ddf5d5c1bdaafbf4,하정현,100
2022. 8. 15,f4c85665ceb74224,예지호,3
2022. 8. 1,79923863672d9186,정현우,100
2022. 9. 6,24fe8d26c689aa2a,온민서,100
2022. 8. 1,a26dd3a26fb49bdc,한시우,100
2022. 8. 22,4785597bb7a2e282,논주윤,100
2022. 8. 29,cd55797f47fee582,문아린,45
2022. 8. 22,444617e4acc3cfee,방현우,73
2022. 8. 1,9257da566c38a275,현규리,100
2022. 8. 1,fb7693a92b2e1e83,여준희,40
2022. 8. 8,dc477c1be7c4dfbd,김하율,100
2022. 8. 15,f54e68856996cb84,경지호,100
2022. 8. 1,b5134157c9be69e5,지동현,100
2022. 8. 8,fbb67543ca7793a7,송지유,28
2022. 8. 1,88bbc4191c989ef9,심시아,77
2022. 8. 15,51771fd4cadfd8bc,변예은,100
2022. 8. 29,6f89b61fc792a397,공나현,100
2022. 8. 22,f3d23ea8b21486df,염지훈,100
2022. 9. 6,47a4b99e741aec4e,최태양,100
2022. 8. 8,794e65dc2b1a51d3,신지우,30
2022. 8. 22,e3b4a58d16f7375c,오건우,30
2022. 9. 6,b6c27b67e748feb5,김현우,100
2022. 9. 6,fcdb4954215d2ac7,한민서,100
2022. 8. 15,b7c1519c681eccdf,최지윤,8
2022. 8. 15,8737ed2f43948682,논지아,100
2022. 8. 8,ad921e5d72cd1949,오하은,100
2022. 8. 22,557474c65fb862d4,송현진,0
2022. 9. 6,dd38b586ed2e9b4c,추소희,65
2022. 8. 29,b53f491b1a57678b,고재윤,40
2022. 9. 6,e445d9aaf61184bf,윤주원,100
2022. 8. 29,785157f7452a5944,전가윤,100
2022. 9. 6,66dc452ac269f11b,전준우,42
2022. 8. 1,683624b4f988ab6b,우재윤,37
2022. 8. 22,cdefb9c75d5ba336,정하율,68
2022. 8. 8,d5592958c1267751,곽우진,100
2022. 8. 22,8bb6d15bb4a661b8,소소은,17
2022. 8. 1,87b7b229efe91783,방다희,100
2022. 8. 1,4ed722b3ba163b8d,최도훈,100
2022. 8. 8,cc5d9228f7791c26,임서영,66
2022. 8. 15,d487d9ecf242879e,논재윤,65
2022. 8. 1,755311ffce877be6,우준희,100
2022. 8. 1,f25a2a3b1e7ae5a4,옥나현,100
2022. 8. 22,785485c8efe5625c,한예은,100
2022. 8. 1,6fbabe957d9a6963,최예은,51
2022. 8. 29,a4b214c5c2455bdb,이유림,100
2022. 8. 8,94328f4fc45e42f2,소준수,100
2022. 8. 1,18eed778d1d46b6d,김승아,100
2022. 8. 29,9b616b9b489a691a,고지아,84
2022. 8. 1,37f128959f3344e7,옥가윤,100
2022. 8. 1,cf56f81759df583c,하은서,100
2022. 8. 15,c9f889cea5e6a84e,설지유,100
2022. 8. 22,ea392961ef73e3c4,조현우,100
2022. 8. 1,9a256216cf35c3c2,우아린,100
2022. 8. 8,7bf8e875deb4cab6,예성택,35
2022. 8. 15,957dab3753ae3e3c,유주원,100
2022. 8. 15,37bdb9f2e8dc1fa2,전시아,100
2022. 8. 22,c73edf9dff38bdcc,오서영,4
2022. 8. 8,c2d7b5afd5141d6f,김가은,41
2022. 8. 1,e32bd6f81e5c6138,유현우,100
2022. 8. 22,3ab5a4f626131e1f,석하윤,100
2022. 8. 8,9ee747c77f85eaa7,문준우,100
2022. 8. 29,31aae21dc18da3aa,방민석,37
2022. 8. 8,76bbf6e43968fd5c,온지효,36
2022. 8. 8,669facc1952aa372,예지효,100
2022. 9. 6,c2479da4b1e41bf2,경승아,48
2022. 8. 8,8ae39717c746ac75,방지효,34
2022. 8. 22,5455ff4aa3d384a8,한건우,100
2022. 8. 22,5f1c456995351549,안태윤,100
2022. 8. 29,5176f5d613888881,설성택,71
2022. 8. 29,91294e91a1a14d7d,정지우,100
2022. 8. 1,42f55b6b6a628333,석나현,79
2022. 8. 8,2bd3656ee78d1d5f,한시아,100
2022. 8. 8,3a9ef8feab4f9cfe,송채원,100
2022. 8. 8,e6da82587acc37e4,염지훈,74
2022. 8. 15,88cb251579839736,서예준,100
2022. 8. 22,13f31dd6f1144e98,공지원,100
2022. 8. 8,a95d1963338c4275,변태영,100
2022. 8. 1,677a6599ed471d5a,서하윤,20
2022. 9. 6,14c6bfdb547cc936,현정민,100
2022. 9. 6,27c2e4cb2c98c5f5,서지민,55
2022. 8. 29,3ef88b772f557a77,소승훈,97
2022. 8. 22,cba82ac9dcf41f6e,유예은,100
2022. 8. 29,97777a97bf6e779b,강현진,100
2022. 8. 22,6bd68ba4198362e4,정지유,71
2022. 8. 29,6adca342de277da2,추서연,100
2022. 8. 29,db6ff151e4b84fdf,하하준,70
2022. 8. 15,24474178c752cdad,논건,7
2022. 8. 1,e4bd6be625bea423,곽민서,100
2022. 8. 29,14f51b8fee8b7982,문하율,71
2022. 8. 29,a282549172137567,구다희,100
2022. 8. 8,efa66fea13efb324,이동욱,50
2022. 8. 8,7fcebed6d11a7f73,전나현,100
2022. 8. 8,ed92734931a8b2ab,최성택,100
2022. 9. 6,86b95883ade241cf,신준서,100
2022. 8. 8,fc7652227763d321,여지효,100
2022. 8. 15,56f5e644ad685fca,양강민,100
2022. 8. 29,aefad1687442e94a,안태양,100
2022. 9. 6,d311715fa173b166,석서연,64
2022. 8. 1,5539dbe16cdcfbd7,논서준,90
2022. 8. 1,943fddf72d8f4136,박태윤,100
2022. 8. 15,b2556e288295bbd3,임하율,100
2022. 9. 6,aa213a83778a3f9f,문도현,3
2022. 8. 1,cc5e379e7255ce42,이지민,100
2022. 9. 6,a24d97de658f7ac9,방지아,58
2022. 8. 29,2547b49c1f646a2c,변시우,100
2022. 8. 29,76dadbeee3cf27f3,이준수,100
2022. 8. 22,ff9d5da9a9c831f1,문유정,100
2022. 8. 8,e88cbf158991b41c,한소은,100
2022. 8. 15,34525c4c113ea233,예민준,100
2022. 9. 6,8f869d1ce7289b3d,곽소은,46
2022. 8. 8,bf1e94f981743e8d,김소은,100
2022. 8. 8,b281c6fc121a338c,김소희,48
2022. 8. 29,e238423fc2bc8a8b,지지호,55
2022. 8. 22,226142c1f3523ac1,정강민,38
2022. 8. 29,ab69d8732dea43c7,염승훈,12
2022. 8. 8,dd3bc149a8d52352,최준서,100
2022. 9. 6,3554df383b277cce,심준서,100
2022. 8. 15,b62a387c861315a7,방태영,100
2022. 8. 8,247b4eb394d7d2bd,윤동욱,100
2022. 8. 8,d2ead4fc162f9beb,양우진,97
2022. 8. 8,a23c83f4a8c63bd8,양지완,100
2022. 9. 6,1538cc819361bbcc,공준서,88
2022. 8. 29,a779a5323ea37e8c,염지민,100
2022. 8. 15,f5c374648c7cc649,곽지우,51
2022. 8. 8,3d656d6992ac588f,여서희,100
2022. 8. 1,33a3b1cf1644a177,조서연,100
2022. 8. 8,754ae7d5ec637143,송서연,29
2022. 8. 8,94c2da418acc6689,곽민석,56
2022. 8. 1,f9562e86a41ed682,지시아,100
2022. 8. 22,52ad89d6bade2cc1,차도훈,100
2022. 8. 22,7a51bbf185e8c9ad,송건,2
2022. 9. 6,4ab8e58dc34bead3,유하은,100
2022. 8. 15,da6f7ac5e51e3b52,예나현,25
2022. 8. 8,78829798c498278d,조우진,51
2022. 8. 1,5bd834cc871b6d7e,전현우,100
2022. 9. 6,51989e78742df864,안지원,36
2022. 8. 29,dc6de3f1aa3d31d6,최정현,89
2022. 8. 8,f4b53aa35d366f38,임태양,29
2022. 8. 22,223c84b864342521,예채원,100
2022. 8. 22,8f9795f7fb32495b,하준희,100
2022. 9. 6,5642de61e1a3711e,추민준,53
2022. 8. 15,5f29bdba68615d6a,옥건,100
2022. 8. 15,24d978f6429a5af4,안유림,100